,DISCRETE MATHEMATICS,FUND. OF DATA STRUCTURES,OBJECT ORIENTED PROGRAMMING,COMPUTER GRAPHICS,DIGITAL ELEC. & LOGIC DESIGN,DATA STUCTURES LABORATORY,OOP & COMP. GRAPHICS LAB.,DIGITAL ELEC. LABORATORY,BUSINESS COMMUNICATION SKILLS,HUMANITY & SOCIAL SCIENCE,AUDIT COURSE,ENGINEERING MATHEMATICS III,ENGINEERING MATHEMATICS III.1,DATA STRUCTURES & ALGO.,SOFTWARE ENGINEERING,MICROPROCESSOR,PRINCIPLES OF PROG. LANG.,DATA STRUCTURES & ALGO. LAB.,MICROPROCESSOR LABORATORY,PROJECT BASED LEARNING II,CODE OF CONDUCT,AUDIT COURSE.1,SEM_3_GPA,SEM_3_SGPA,SEM_4_GPA,SEM_4_SGPA,TOTAL_CREDITS_EARNED,CGPA,SEM_3_INTERNAL,SEM_4_INTERNAL,SEM_3_EXTERNAL,SEM_4_EXTERNAL
0,1.0,1.0,1.0,1.0,1.0,0.9,0.8,1.0,0.8,0.9,0,0.8,0.7,0.7,0.7,0.0,0.6,0.0,0.6,0.9,0.9,0,211.0,0.9591,124.0,0.5636,0.8863636363636364,0.0,0.8714285714285714,0.5714285714285714,1.0,0.56
1,1.0,1.0,1.0,1.0,1.0,0.9,0.9,0.9,0.9,0.7,0,1.0,0.9,0.9,0.8,0.8,0.9,0.9,0.9,1.0,0.9,0,211.0,0.9591,197.0,0.8955,1.0,0.9269999999999999,0.8714285714285714,0.9285714285714286,1.0,0.88
2,1.0,1.0,1.0,1.0,1.0,1.0,1.0,1.0,1.0,1.0,0,1.0,0.8,0.6,0.5,0.9,0.7,1.0,1.0,1.0,0.9,0,220.0,1.0,178.0,0.8090999999999999,1.0,0.905,1.0,0.9571428571428572,1.0,0.74
3,1.0,1.0,1.0,1.0,1.0,0.8,0.8,0.9,0.9,0.8,0,0.7,0.7,0.6,0.6,0.7,0.7,0.0,0.0,0.9,0.7,0,208.0,0.9455,131.0,0.5955,0.9318181818181818,0.0,0.8285714285714286,0.45714285714285713,1.0,0.66
4,1.0,1.0,1.0,1.0,1.0,0.9,1.0,0.9,0.9,0.9,0,0.7,1.0,0.8,0.7,0.8,0.7,0.9,0.9,0.9,1.0,0,215.0,0.9773,176.0,0.8,1.0,0.889,0.9285714285714286,0.9285714285714286,1.0,0.74
5,1.0,0.9,0.9,1.0,1.0,0.9,0.9,1.0,0.9,1.0,0,0.9,0.9,0.7,0.6,0.6,0.7,0.8,1.0,0.9,0.9,0,209.0,0.95,167.0,0.7591,1.0,0.8550000000000001,0.9285714285714286,0.8857142857142857,0.96,0.7
6,0.9,1.0,0.9,0.9,1.0,0.8,0.9,0.9,0.9,1.0,0,0.8,0.8,0.5,0.5,0.7,0.6,0.7,0.9,0.9,1.0,0,203.0,0.9227000000000001,152.0,0.6909,1.0,0.807,0.8857142857142857,0.8428571428571429,0.94,0.62
7,1.0,1.0,1.0,0.9,1.0,0.9,0.8,1.0,0.7,0.4,0,0.6,0.7,0.6,0.6,0.8,0.7,0.7,0.7,1.0,0.8,0,202.0,0.9182,155.0,0.7045,1.0,0.8109999999999999,0.7857142857142857,0.8,0.98,0.66
8,1.0,1.0,1.0,1.0,1.0,0.9,0.8,0.9,1.0,0.9,0,0.9,0.9,0.8,0.8,0.9,1.0,1.0,0.9,1.0,1.0,0,212.0,0.9635999999999999,200.0,0.9090999999999999,1.0,0.9359999999999999,0.8857142857142857,0.9714285714285714,1.0,0.88
9,1.0,1.0,1.0,0.9,1.0,0.9,0.9,1.0,1.0,0.9,0,1.0,0.8,0.6,0.5,0.9,0.8,1.0,0.9,0.9,0.9,0,212.0,0.9635999999999999,178.0,0.8090999999999999,1.0,0.8859999999999999,0.9285714285714286,0.9142857142857143,0.98,0.76
10,0.9,1.0,1.0,1.0,1.0,1.0,0.9,1.0,1.0,1.0,0,0.5,0.7,0.4,0.6,0.8,0.7,0.9,1.0,0.9,0.9,0,215.0,0.9773,152.0,0.6909,1.0,0.834,0.9714285714285714,0.8857142857142857,0.98,0.6
11,1.0,1.0,0.7,0.9,1.0,0.9,0.7,0.9,0.8,0.9,0,0.5,0.5,0.6,0.5,0.5,0.0,0.5,0.0,0.9,0.9,0,196.0,0.8909,105.0,0.47729999999999995,0.9090909090909091,0.0,0.8285714285714286,0.6,0.92,0.42
12,1.0,0.9,1.0,0.9,1.0,0.9,0.8,1.0,0.9,0.9,0,0.9,0.7,0.4,0.6,0.7,0.7,0.7,0.8,0.9,0.8,0,206.0,0.9364000000000001,154.0,0.7,1.0,0.818,0.8857142857142857,0.7857142857142857,0.96,0.66
13,0.8,0.8,0.9,0.7,0.9,0.6,0.8,1.0,0.9,0.9,0,0.4,0.8,0.4,0.7,0.7,0.4,0.7,0.9,1.0,1.0,0,179.0,0.8135999999999999,139.0,0.6317999999999999,1.0,0.7230000000000001,0.8,0.8714285714285714,0.82,0.52
14,1.0,0.9,0.9,0.9,1.0,0.8,0.7,1.0,0.8,0.9,0,0.9,0.8,0.6,0.5,0.5,0.5,0.7,0.8,0.8,0.7,0,198.0,0.9,143.0,0.65,1.0,0.775,0.8142857142857143,0.7571428571428571,0.94,0.6
15,1.0,1.0,1.0,1.0,1.0,0.9,0.9,0.9,1.0,0.9,0,0.9,0.8,0.7,0.5,0.7,0.6,0.9,1.0,1.0,0.8,0,214.0,0.9727,166.0,0.7545,1.0,0.8640000000000001,0.9142857142857143,0.9142857142857143,1.0,0.68
16,1.0,1.0,1.0,1.0,1.0,0.9,0.9,1.0,1.0,0.7,0,0.7,0.9,0.8,0.7,0.6,0.7,0.9,0.8,0.9,0.9,0,213.0,0.9682000000000001,167.0,0.7591,1.0,0.8640000000000001,0.9,0.8857142857142857,1.0,0.7
17,1.0,1.0,1.0,0.9,1.0,1.0,0.8,0.9,0.8,0.9,0,0.8,0.7,0.7,0.6,0.6,0.7,0.7,1.0,1.0,0.9,0,209.0,0.95,162.0,0.7363999999999999,1.0,0.843,0.8857142857142857,0.8571428571428571,0.98,0.68
18,0.9,1.0,0.9,1.0,1.0,0.7,0.8,1.0,1.0,0.9,0,0.7,0.7,0.6,0.7,0.5,0.5,0.6,0.7,1.0,0.9,0,203.0,0.9227000000000001,145.0,0.6591,1.0,0.791,0.8428571428571429,0.7857142857142857,0.96,0.6
19,0.9,1.0,0.9,0.9,1.0,0.9,0.7,1.0,0.9,0.9,0,0.7,0.8,0.8,0.7,0.8,0.6,0.6,0.8,0.9,0.9,0,201.0,0.9136,163.0,0.7409,1.0,0.827,0.8571428571428571,0.7857142857142857,0.94,0.72
20,0.9,0.9,0.8,0.8,1.0,0.9,0.8,0.9,0.9,0.9,0,0.9,0.9,0.8,0.8,0.9,0.9,0.9,0.9,1.0,1.0,0,193.0,0.8773,195.0,0.8864000000000001,1.0,0.882,0.8714285714285714,0.9428571428571428,0.88,0.86
21,1.0,0.9,1.0,0.9,1.0,0.9,0.9,0.9,1.0,0.8,0,0.7,0.7,0.6,0.6,0.7,0.7,0.9,0.9,1.0,0.9,0,207.0,0.9409000000000001,162.0,0.7363999999999999,1.0,0.8390000000000001,0.9,0.9,0.96,0.66
22,1.0,1.0,0.9,0.9,1.0,0.8,0.7,1.0,0.9,1.0,0,0.4,0.8,0.4,0.7,0.7,0.4,0.6,0.8,0.8,0.9,0,203.0,0.9227000000000001,131.0,0.5955,1.0,0.759,0.8428571428571429,0.7571428571428571,0.96,0.52
23,1.0,1.0,0.8,0.9,1.0,0.8,0.9,0.9,1.0,0.9,0,0.9,0.9,0.7,0.7,0.7,0.6,0.9,0.7,0.9,0.9,0,203.0,0.9227000000000001,169.0,0.7682,1.0,0.845,0.8857142857142857,0.8714285714285714,0.94,0.72
24,1.0,1.0,1.0,1.0,1.0,0.9,1.0,0.9,1.0,1.0,0,1.0,0.9,0.9,0.7,0.8,0.8,1.0,0.9,1.0,1.0,0,217.0,0.9864,194.0,0.8817999999999999,1.0,0.9339999999999999,0.9571428571428572,0.9714285714285714,1.0,0.84
25,1.0,1.0,1.0,0.9,1.0,0.9,0.9,0.9,1.0,0.8,0,1.0,0.9,0.8,0.8,0.9,0.8,1.0,1.0,0.9,0.9,0,210.0,0.9545,195.0,0.8864000000000001,1.0,0.9199999999999999,0.9,0.9428571428571428,0.98,0.86
26,1.0,1.0,0.9,0.9,1.0,0.8,0.9,1.0,0.9,1.0,0,0.9,0.9,0.4,0.6,0.6,0.8,0.9,0.7,0.9,0.9,0,207.0,0.9409000000000001,160.0,0.7273,1.0,0.834,0.9,0.8714285714285714,0.96,0.66
27,1.0,0.9,1.0,1.0,1.0,0.8,0.8,0.9,0.9,0.8,0,1.0,0.7,0.7,0.8,0.6,0.6,0.8,0.8,0.9,0.8,0,205.0,0.9318,168.0,0.7636000000000001,1.0,0.8480000000000001,0.8285714285714286,0.8142857142857143,0.98,0.74
28,1.0,0.9,0.9,0.9,1.0,0.9,0.8,0.9,0.9,0.9,0,0.9,0.8,0.6,0.8,0.9,0.8,1.0,0.7,0.9,0.9,0,202.0,0.9182,182.0,0.8272999999999999,1.0,0.873,0.8714285714285714,0.8857142857142857,0.94,0.8
29,1.0,1.0,1.0,0.9,1.0,0.9,0.8,1.0,1.0,1.0,0,0.8,0.8,0.4,0.6,0.6,0.4,0.7,0.9,0.9,0.9,0,211.0,0.9591,142.0,0.6455,1.0,0.8019999999999999,0.9142857142857143,0.8285714285714286,0.98,0.56
30,0.9,1.0,1.0,1.0,1.0,1.0,0.9,0.9,1.0,0.9,0,0.7,0.8,0.6,0.6,0.6,0.7,0.7,0.9,0.9,0.9,0,213.0,0.9682000000000001,154.0,0.7,1.0,0.834,0.9428571428571428,0.8285714285714286,0.98,0.64
31,1.0,0.9,1.0,0.9,1.0,0.8,0.9,1.0,0.9,0.8,0,0.9,0.9,0.6,0.7,0.6,0.6,0.7,0.9,0.9,0.9,0,205.0,0.9318,161.0,0.7318,1.0,0.8320000000000001,0.8714285714285714,0.8428571428571429,0.96,0.68
32,1.0,1.0,1.0,0.9,1.0,0.9,0.8,0.9,1.0,0.8,0,0.7,0.7,0.7,0.6,0.6,0.6,0.6,0.8,0.8,0.9,0,208.0,0.9455,148.0,0.6727000000000001,1.0,0.8089999999999999,0.8714285714285714,0.7428571428571429,0.98,0.64
33,1.0,0.9,0.8,0.7,1.0,0.9,0.8,0.9,1.0,0.9,0,0.6,0.8,0.6,0.7,0.7,0.4,0.7,0.8,1.0,1.0,0,194.0,0.8817999999999999,150.0,0.6818,1.0,0.782,0.8857142857142857,0.8571428571428571,0.88,0.6
34,1.0,1.0,1.0,1.0,1.0,0.9,1.0,1.0,1.0,1.0,0,1.0,0.9,0.7,0.6,0.8,0.5,0.9,1.0,0.9,0.9,0,218.0,0.9909000000000001,172.0,0.7817999999999999,1.0,0.8859999999999999,0.9714285714285714,0.9142857142857143,1.0,0.72
35,1.0,1.0,1.0,1.0,1.0,0.9,0.7,0.9,0.9,0.8,0,0.8,0.8,0.8,0.7,0.9,0.8,0.9,0.8,0.9,1.0,0,208.0,0.9455,182.0,0.8272999999999999,1.0,0.8859999999999999,0.8285714285714286,0.8857142857142857,1.0,0.8
36,1.0,1.0,1.0,0.9,1.0,0.9,0.8,1.0,1.0,0.9,0,0.9,1.0,0.8,0.7,0.8,0.7,1.0,0.9,1.0,1.0,0,210.0,0.9545,186.0,0.8455,1.0,0.9,0.9,0.9857142857142858,0.98,0.78
37,1.0,1.0,1.0,1.0,1.0,0.9,0.8,0.9,0.9,0.9,0,1.0,0.9,0.8,0.7,1.0,0.8,0.8,0.9,1.0,0.9,0,211.0,0.9591,192.0,0.8727,1.0,0.916,0.8714285714285714,0.9,1.0,0.86
38,1.0,1.0,1.0,0.9,1.0,1.0,1.0,0.9,1.0,1.0,0,0.9,0.9,0.7,0.8,0.7,0.7,0.9,0.9,1.0,1.0,0,216.0,0.9818,180.0,0.8182,1.0,0.9,0.9857142857142858,0.9428571428571428,0.98,0.76
39,1.0,1.0,1.0,1.0,1.0,0.9,0.8,0.9,0.9,0.9,0,0.5,0.9,0.6,0.7,0.7,0.6,0.7,0.8,0.9,0.9,0,211.0,0.9591,151.0,0.6864,1.0,0.8230000000000001,0.8714285714285714,0.8285714285714286,1.0,0.62
40,0.6,0.6,0.8,0.8,0.7,0.8,0.6,0.9,0.9,0.7,0,0.0,0.7,0.0,0.4,0.0,0.0,0.0,0.7,0.9,0.9,0,158.0,0.7182000000000001,53.0,0.24089999999999998,0.6818181818181818,0.0,0.7571428571428571,0.5857142857142857,0.7,0.08
41,0.9,1.0,1.0,0.9,1.0,0.9,0.9,0.9,1.0,0.9,0,0.7,0.8,0.9,0.6,0.7,0.7,0.9,0.9,0.9,0.9,0,208.0,0.9455,170.0,0.7727,1.0,0.859,0.9142857142857143,0.8857142857142857,0.96,0.72
42,1.0,1.0,1.0,1.0,1.0,0.9,0.9,0.9,0.9,0.9,0,0.7,0.9,0.6,0.7,0.9,0.8,0.7,0.9,1.0,1.0,0,213.0,0.9682000000000001,173.0,0.7864,1.0,0.877,0.9,0.8857142857142857,1.0,0.74
43,1.0,1.0,0.9,1.0,1.0,0.9,0.9,0.9,0.9,0.9,0,0.9,0.8,0.6,0.7,0.8,0.7,0.9,0.9,0.9,0.9,0,210.0,0.9545,173.0,0.7864,1.0,0.8699999999999999,0.9,0.8857142857142857,0.98,0.74
44,1.0,1.0,1.0,0.9,1.0,0.8,0.8,1.0,1.0,0.9,0,0.9,0.7,0.6,0.4,0.7,0.7,0.9,0.8,0.9,0.9,0,208.0,0.9455,159.0,0.7227,1.0,0.834,0.8714285714285714,0.8571428571428571,0.98,0.66
45,1.0,0.9,1.0,0.9,1.0,0.9,0.8,1.0,0.9,0.9,0,0.9,0.8,0.6,0.8,0.7,0.7,0.7,0.9,0.8,0.8,0,206.0,0.9364000000000001,166.0,0.7545,1.0,0.845,0.8857142857142857,0.7857142857142857,0.96,0.74
46,1.0,1.0,1.0,1.0,1.0,0.9,1.0,1.0,1.0,0.9,0,0.8,0.9,0.7,0.7,0.9,0.6,0.9,0.9,0.9,0.9,0,217.0,0.9864,174.0,0.7908999999999999,1.0,0.889,0.9571428571428572,0.9,1.0,0.74
47,1.0,0.9,0.9,0.9,1.0,0.9,0.7,0.9,0.9,0.8,0,0.6,0.5,0.4,0.5,0.0,0.0,0.0,0.7,0.8,0.9,0,199.0,0.9045,82.0,0.3727,0.8181818181818182,0.0,0.8285714285714286,0.5285714285714286,0.94,0.3
48,1.0,1.0,1.0,0.8,1.0,0.9,0.8,1.0,0.9,0.9,0,0.7,0.7,0.5,0.8,0.4,0.7,0.9,0.8,0.9,1.0,0,206.0,0.9364000000000001,154.0,0.7,1.0,0.818,0.8857142857142857,0.8714285714285714,0.96,0.62
49,1.0,1.0,1.0,0.9,1.0,0.8,0.8,1.0,0.9,0.9,0,0.9,0.8,0.7,0.7,0.8,0.6,0.7,0.8,0.9,0.9,0,207.0,0.9409000000000001,168.0,0.7636000000000001,1.0,0.852,0.8571428571428571,0.8142857142857143,0.98,0.74
50,1.0,1.0,1.0,1.0,1.0,0.9,0.9,0.9,0.9,1.0,0,0.7,0.8,0.4,0.6,0.6,0.4,0.8,0.7,1.0,0.8,0,214.0,0.9727,140.0,0.6364,1.0,0.805,0.9142857142857143,0.8428571428571429,1.0,0.54
51,1.0,0.9,0.9,0.9,1.0,1.0,0.9,1.0,1.0,1.0,0,0.9,0.9,0.6,0.8,0.7,0.8,0.8,1.0,1.0,0.9,0,209.0,0.95,178.0,0.8090999999999999,1.0,0.8800000000000001,0.9714285714285714,0.9142857142857143,0.94,0.76
52,1.0,1.0,1.0,1.0,1.0,0.9,0.9,1.0,0.9,0.9,0,1.0,0.9,0.7,0.8,1.0,0.9,0.9,0.9,0.9,1.0,0,214.0,0.9727,196.0,0.8909,1.0,0.932,0.9142857142857143,0.9142857142857143,1.0,0.88
53,1.0,1.0,1.0,0.9,1.0,0.9,0.9,0.9,1.0,0.9,0,0.6,0.7,0.7,0.7,0.6,0.6,0.9,0.8,0.9,1.0,0,211.0,0.9591,157.0,0.7136,1.0,0.836,0.9142857142857143,0.8714285714285714,0.98,0.64
54,1.0,1.0,1.0,1.0,1.0,0.9,0.9,1.0,0.9,1.0,0,1.0,0.7,0.7,0.6,0.7,0.7,0.9,0.9,1.0,0.9,0,215.0,0.9773,174.0,0.7908999999999999,1.0,0.884,0.9285714285714286,0.9,1.0,0.74
55,1.0,1.0,1.0,1.0,1.0,0.8,0.9,1.0,1.0,1.0,0,1.0,0.9,0.8,0.6,0.7,0.7,0.9,0.8,0.9,0.9,0,214.0,0.9727,176.0,0.8,1.0,0.8859999999999999,0.9142857142857143,0.8857142857142857,1.0,0.76
56,1.0,1.0,1.0,1.0,1.0,1.0,0.9,0.9,1.0,1.0,0,0.9,0.7,0.6,0.7,0.8,0.6,0.9,0.9,1.0,1.0,0,217.0,0.9864,172.0,0.7817999999999999,1.0,0.884,0.9571428571428572,0.9142857142857143,1.0,0.72
57,1.0,1.0,1.0,1.0,1.0,0.9,0.8,1.0,0.9,0.9,0,0.7,0.9,0.6,0.6,0.7,0.6,0.7,0.9,0.9,0.9,0,212.0,0.9635999999999999,155.0,0.7045,1.0,0.834,0.8857142857142857,0.8428571428571429,1.0,0.64
58,1.0,1.0,1.0,0.9,1.0,0.8,0.9,0.9,1.0,0.9,0,1.0,0.9,0.6,0.7,0.8,0.6,0.9,0.9,0.9,1.0,0,209.0,0.95,175.0,0.7955,1.0,0.873,0.8857142857142857,0.9142857142857143,0.98,0.74
59,1.0,1.0,1.0,1.0,1.0,0.9,0.9,0.9,1.0,0.9,0,0.8,0.8,0.7,0.7,0.8,0.6,0.8,0.9,1.0,0.8,0,214.0,0.9727,169.0,0.7682,1.0,0.8699999999999999,0.9142857142857143,0.8714285714285714,1.0,0.72
60,1.0,1.0,1.0,0.9,1.0,0.9,0.9,1.0,1.0,1.0,0,1.0,0.9,0.7,0.7,0.8,0.7,0.8,1.0,1.0,0.8,0,213.0,0.9682000000000001,180.0,0.8182,1.0,0.893,0.9428571428571428,0.9,0.98,0.78
61,1.0,1.0,0.9,1.0,1.0,1.0,1.0,1.0,0.9,0.9,0,1.0,0.9,0.8,0.6,0.7,0.6,0.9,0.9,1.0,1.0,0,215.0,0.9773,177.0,0.8045,1.0,0.891,0.9714285714285714,0.9428571428571428,0.98,0.74
62,1.0,1.0,0.9,1.0,1.0,0.9,1.0,0.9,1.0,0.9,0,0.8,0.9,0.6,0.7,0.7,0.5,1.0,1.0,1.0,1.0,0,213.0,0.9682000000000001,168.0,0.7636000000000001,1.0,0.866,0.9428571428571428,0.9857142857142858,0.98,0.66
63,1.0,1.0,1.0,0.9,1.0,0.8,0.9,0.9,0.9,1.0,0,0.9,0.9,0.8,0.7,0.9,0.6,1.0,0.8,0.9,0.9,0,209.0,0.95,181.0,0.8227,1.0,0.8859999999999999,0.8857142857142857,0.9142857142857143,0.98,0.78
64,1.0,1.0,1.0,0.9,1.0,0.7,0.9,0.9,1.0,0.9,0,0.9,0.9,0.5,0.6,1.0,0.6,1.0,0.9,1.0,0.9,0,207.0,0.9409000000000001,175.0,0.7955,1.0,0.868,0.8571428571428571,0.9571428571428572,0.98,0.72
65,0.9,0.9,0.9,1.0,1.0,0.8,0.9,1.0,1.0,1.0,0,0.7,0.4,0.6,0.4,0.7,0.5,0.6,0.6,0.9,0.7,0,205.0,0.9318,134.0,0.6091,1.0,0.77,0.9142857142857143,0.6714285714285714,0.94,0.58
66,1.0,0.9,1.0,0.9,1.0,0.9,0.9,1.0,1.0,0.9,0,0.8,0.7,0.7,0.8,0.7,0.6,0.9,0.9,1.0,1.0,0,209.0,0.95,172.0,0.7817999999999999,1.0,0.866,0.9285714285714286,0.9142857142857143,0.96,0.72
67,1.0,1.0,1.0,1.0,1.0,0.8,0.9,1.0,0.9,1.0,0,1.0,0.8,0.5,0.7,0.9,0.7,0.9,1.0,1.0,0.9,0,213.0,0.9682000000000001,179.0,0.8135999999999999,1.0,0.891,0.9,0.9285714285714286,1.0,0.76
68,0.9,0.9,0.8,0.9,1.0,0.9,0.9,1.0,0.9,1.0,0,1.0,0.8,0.8,0.8,0.8,0.7,0.7,1.0,0.9,0.9,0,200.0,0.9090999999999999,182.0,0.8272999999999999,1.0,0.868,0.9285714285714286,0.8428571428571429,0.9,0.82
69,1.0,1.0,1.0,1.0,1.0,0.7,0.9,0.8,1.0,0.9,0,0.9,0.9,0.6,0.8,0.8,0.9,0.9,0.9,0.9,0.9,0,209.0,0.95,183.0,0.8318,1.0,0.891,0.8428571428571429,0.9,1.0,0.8
70,0.9,1.0,0.9,1.0,1.0,0.7,0.9,0.9,0.9,1.0,0,0.7,0.8,0.6,0.5,0.4,0.5,0.8,0.9,0.9,0.9,0,204.0,0.9273,141.0,0.6409,1.0,0.784,0.8571428571428571,0.8571428571428571,0.96,0.54
71,0.8,1.0,0.9,0.9,1.0,0.8,0.8,1.0,1.0,1.0,0,0.6,0.6,0.5,0.7,0.5,0.4,0.8,0.6,0.9,1.0,0,200.0,0.9090999999999999,137.0,0.6227,1.0,0.766,0.8857142857142857,0.8,0.92,0.54
72,1.0,1.0,1.0,0.9,1.0,0.6,0.8,1.0,0.9,1.0,0,0.8,0.8,0.6,0.8,0.8,0.9,0.6,0.8,0.9,1.0,0,204.0,0.9273,173.0,0.7864,1.0,0.857,0.8142857142857143,0.8,0.98,0.78
73,1.0,1.0,1.0,1.0,1.0,1.0,1.0,0.9,1.0,1.0,0,1.0,1.0,0.9,0.9,0.9,0.8,1.0,1.0,1.0,0.9,0,219.0,0.9955,204.0,0.9273,1.0,0.961,0.9857142857142858,0.9857142857142858,1.0,0.9
74,1.0,1.0,1.0,0.9,1.0,0.7,0.9,1.0,1.0,1.0,0,1.0,0.9,0.7,0.9,0.7,0.8,0.9,0.9,0.9,0.9,0,209.0,0.95,186.0,0.8455,1.0,0.898,0.8857142857142857,0.9,0.98,0.82
75,1.0,1.0,1.0,0.9,1.0,0.9,0.8,0.9,0.9,0.8,0,1.0,0.8,0.9,0.9,0.9,0.8,0.8,0.9,0.9,0.9,0,207.0,0.9409000000000001,195.0,0.8864000000000001,1.0,0.914,0.8571428571428571,0.8571428571428571,0.98,0.9
76,1.0,1.0,1.0,1.0,1.0,0.9,0.9,1.0,1.0,0.9,0,0.9,0.8,0.6,0.8,0.7,0.7,0.9,0.9,0.9,0.8,0,215.0,0.9773,172.0,0.7817999999999999,1.0,0.8800000000000001,0.9285714285714286,0.8714285714285714,1.0,0.74
77,1.0,1.0,1.0,1.0,1.0,0.8,1.0,1.0,1.0,1.0,0,0.9,0.9,0.9,0.7,0.8,0.7,0.9,0.9,1.0,0.9,0,216.0,0.9818,185.0,0.8409000000000001,1.0,0.9109999999999999,0.9428571428571428,0.9285714285714286,1.0,0.8
78,1.0,1.0,1.0,1.0,1.0,0.9,1.0,0.9,0.9,1.0,0,0.9,0.9,0.8,0.9,0.8,0.8,1.0,1.0,1.0,1.0,0,216.0,0.9818,195.0,0.8864000000000001,1.0,0.9339999999999999,0.9428571428571428,0.9857142857142858,1.0,0.84
79,1.0,1.0,1.0,1.0,1.0,0.9,0.9,0.9,1.0,0.9,0,0.9,1.0,0.6,0.7,0.8,0.8,0.9,0.9,0.9,0.9,0,214.0,0.9727,178.0,0.8090999999999999,1.0,0.891,0.9142857142857143,0.9142857142857143,1.0,0.76
80,1.0,0.9,0.9,0.8,1.0,0.8,0.9,0.9,1.0,0.9,0,0.8,0.9,0.6,0.6,0.8,0.8,0.9,1.0,1.0,1.0,0,200.0,0.9090999999999999,175.0,0.7955,1.0,0.852,0.8857142857142857,0.9571428571428572,0.92,0.72
81,1.0,1.0,1.0,1.0,1.0,0.9,0.9,1.0,0.9,0.9,0,0.9,0.9,0.6,0.5,0.7,0.7,0.8,1.0,0.9,1.0,0,214.0,0.9727,165.0,0.75,1.0,0.861,0.9142857142857143,0.9,1.0,0.68
82,1.0,0.9,0.7,0.8,0.9,0.8,0.8,1.0,0.9,1.0,0,0.9,0.8,0.6,0.4,0.6,0.7,0.9,0.9,0.9,0.8,0,190.0,0.8635999999999999,157.0,0.7136,1.0,0.7889999999999999,0.8714285714285714,0.8714285714285714,0.86,0.64
83,1.0,0.8,0.9,0.9,1.0,0.8,0.9,1.0,1.0,0.9,0,0.8,0.9,0.5,0.4,0.9,0.7,0.7,0.8,1.0,0.9,0,201.0,0.9136,159.0,0.7227,1.0,0.818,0.9,0.8571428571428571,0.92,0.66
84,1.0,1.0,1.0,1.0,1.0,0.9,0.9,0.9,0.9,1.0,0,0.9,0.8,0.6,0.4,0.6,0.5,0.7,0.8,0.9,0.9,0,214.0,0.9727,147.0,0.6682,1.0,0.82,0.9142857142857143,0.8142857142857143,1.0,0.6
85,1.0,1.0,1.0,1.0,1.0,0.9,0.9,0.9,0.9,0.9,0,0.9,0.9,0.6,0.8,0.9,0.9,1.0,1.0,1.0,1.0,0,213.0,0.9682000000000001,192.0,0.8727,1.0,0.9199999999999999,0.9,0.9857142857142858,1.0,0.82
86,1.0,0.9,1.0,0.9,1.0,0.9,0.9,0.9,0.9,0.9,0,0.6,0.9,0.6,0.8,0.9,0.7,1.0,0.9,0.9,1.0,0,207.0,0.9409000000000001,174.0,0.7908999999999999,1.0,0.866,0.9,0.9428571428571428,0.96,0.72
87,1.0,1.0,1.0,1.0,1.0,0.9,1.0,1.0,1.0,0.9,0,1.0,0.7,0.7,0.7,0.7,0.6,0.8,0.7,0.9,0.9,0,217.0,0.9864,168.0,0.7636000000000001,1.0,0.875,0.9571428571428572,0.8142857142857143,1.0,0.74
88,1.0,1.0,1.0,1.0,1.0,0.6,0.7,0.9,1.0,1.0,0,0.7,0.7,0.6,0.5,0.8,0.4,0.7,0.8,0.9,0.9,0,205.0,0.9318,146.0,0.6636,1.0,0.798,0.7857142857142857,0.8,1.0,0.6
89,0.9,1.0,1.0,0.9,1.0,0.9,0.9,0.9,0.9,0.9,0,0.9,0.9,0.9,0.8,0.7,0.8,0.9,0.8,0.9,0.9,0,207.0,0.9409000000000001,185.0,0.8409000000000001,1.0,0.891,0.9,0.8857142857142857,0.96,0.82
90,1.0,0.9,1.0,0.9,1.0,0.6,0.7,0.9,0.9,1.0,0,0.7,0.8,0.4,0.6,0.7,0.7,0.7,0.6,1.0,0.9,0,198.0,0.9,150.0,0.6818,1.0,0.791,0.7714285714285715,0.8142857142857143,0.96,0.62
91,1.0,0.9,0.8,0.8,1.0,0.8,0.8,1.0,0.8,0.9,0,0.8,0.4,0.7,0.7,0.7,0.8,0.8,0.7,0.9,0.9,0,194.0,0.8817999999999999,165.0,0.75,1.0,0.8160000000000001,0.8428571428571429,0.7714285714285715,0.9,0.74
92,1.0,1.0,1.0,1.0,1.0,0.8,0.9,0.9,0.9,0.9,0,0.9,0.7,0.9,0.6,0.6,0.7,0.7,0.7,0.9,0.7,0,211.0,0.9591,164.0,0.7455,1.0,0.852,0.8714285714285714,0.7571428571428571,1.0,0.74
93,1.0,1.0,1.0,0.8,1.0,0.9,0.7,1.0,0.9,0.9,0,1.0,0.7,0.7,0.5,0.7,0.4,0.7,1.0,0.9,0.9,0,204.0,0.9273,157.0,0.7136,1.0,0.82,0.8571428571428571,0.8285714285714286,0.96,0.66
94,0.9,0.9,0.9,0.9,1.0,0.9,0.6,0.9,0.9,0.9,0,0.7,0.9,0.5,0.6,0.7,0.7,0.7,0.9,0.9,0.8,0,195.0,0.8864000000000001,154.0,0.7,1.0,0.7929999999999999,0.8142857142857143,0.8285714285714286,0.92,0.64
95,1.0,1.0,1.0,1.0,1.0,0.9,0.9,1.0,1.0,1.0,0,1.0,0.9,0.7,0.8,0.8,0.7,0.8,0.9,0.9,0.9,0,216.0,0.9818,181.0,0.8227,1.0,0.9019999999999999,0.9428571428571428,0.8714285714285714,1.0,0.8
96,0.9,0.9,0.8,0.8,0.8,0.7,0.9,0.9,1.0,0.9,0,0.7,0.7,0.4,0.4,0.6,0.4,0.8,0.7,1.0,0.8,0,186.0,0.8455,133.0,0.6045,1.0,0.725,0.8571428571428571,0.8285714285714286,0.84,0.5
97,1.0,1.0,1.0,1.0,1.0,0.9,0.8,0.9,0.9,0.9,0,0.6,0.9,0.5,0.7,0.7,0.7,0.8,0.9,1.0,1.0,0,211.0,0.9591,160.0,0.7273,1.0,0.843,0.8714285714285714,0.9142857142857143,1.0,0.64
98,0.8,0.8,0.8,0.8,1.0,0.7,0.8,0.9,1.0,0.9,0,0.5,0.9,0.4,0.6,0.6,0.4,0.0,0.8,1.0,1.0,0,184.0,0.8364,122.0,0.5545,0.9545454545454546,0.0,0.8285714285714286,0.6714285714285714,0.84,0.5
99,1.0,1.0,1.0,1.0,1.0,0.8,0.9,0.9,0.9,0.8,0,0.8,0.7,0.5,0.6,0.4,0.6,0.6,0.7,0.8,0.9,0,210.0,0.9545,138.0,0.6273,1.0,0.791,0.8571428571428571,0.7285714285714285,1.0,0.58
100,1.0,0.9,0.9,0.9,1.0,0.8,0.8,0.9,0.9,1.0,0,0.8,0.8,0.7,0.7,0.6,0.7,1.0,0.9,1.0,0.9,0,201.0,0.9136,171.0,0.7773,1.0,0.845,0.8571428571428571,0.9428571428571428,0.94,0.7
101,1.0,1.0,1.0,1.0,1.0,0.9,1.0,1.0,1.0,1.0,0,1.0,0.9,0.9,0.8,0.8,0.8,0.9,0.9,1.0,1.0,0,218.0,0.9909000000000001,195.0,0.8864000000000001,1.0,0.9390000000000001,0.9714285714285714,0.9428571428571428,1.0,0.86
102,1.0,1.0,1.0,1.0,1.0,0.9,1.0,1.0,1.0,0.9,0,1.0,0.9,0.8,0.7,0.9,0.8,1.0,0.9,0.9,1.0,0,217.0,0.9864,192.0,0.8727,1.0,0.93,0.9571428571428572,0.9428571428571428,1.0,0.84
103,1.0,1.0,1.0,1.0,1.0,0.9,1.0,0.9,1.0,1.0,0,0.9,1.0,0.8,0.9,0.6,0.8,0.7,0.9,0.9,1.0,0,217.0,0.9864,181.0,0.8227,1.0,0.905,0.9571428571428572,0.8714285714285714,1.0,0.8
104,1.0,1.0,1.0,0.9,1.0,1.0,0.8,1.0,1.0,0.8,0,1.0,0.8,0.8,0.7,0.8,0.7,0.8,0.8,1.0,0.9,0,211.0,0.9591,181.0,0.8227,1.0,0.891,0.9142857142857143,0.8714285714285714,0.98,0.8
105,1.0,0.9,1.0,1.0,1.0,0.9,1.0,0.9,0.9,1.0,0,1.0,0.8,0.7,0.9,0.8,0.7,0.7,0.8,1.0,0.8,0,213.0,0.9682000000000001,181.0,0.8227,1.0,0.8949999999999999,0.9428571428571428,0.8285714285714286,0.98,0.82
106,1.0,1.0,0.9,1.0,1.0,0.9,0.7,0.9,1.0,0.9,0,0.7,0.7,0.7,0.7,0.7,0.5,0.8,1.0,0.9,0.8,0,207.0,0.9409000000000001,158.0,0.7182000000000001,1.0,0.8300000000000001,0.8571428571428571,0.8428571428571429,0.98,0.66
107,1.0,0.9,1.0,0.9,1.0,0.8,0.9,1.0,0.9,0.8,0,0.7,0.7,0.6,0.7,0.4,0.6,0.7,0.8,0.9,0.9,0,205.0,0.9318,146.0,0.6636,1.0,0.798,0.8714285714285714,0.8,0.96,0.6
108,1.0,1.0,0.9,1.0,1.0,0.8,0.8,0.9,0.9,0.9,0,0.8,0.7,0.6,0.6,0.7,0.7,1.0,0.8,0.9,0.9,0,206.0,0.9364000000000001,164.0,0.7455,1.0,0.841,0.8428571428571429,0.8857142857142857,0.98,0.68
109,1.0,0.9,0.9,1.0,1.0,0.9,0.9,1.0,1.0,0.9,0,0.9,0.8,0.9,0.9,0.8,0.8,0.9,0.9,0.9,1.0,0,209.0,0.95,192.0,0.8727,1.0,0.9109999999999999,0.9285714285714286,0.9,0.96,0.86
110,1.0,1.0,1.0,0.9,1.0,0.9,0.9,1.0,0.9,0.8,0,0.7,0.6,0.4,0.5,0.7,0.6,0.8,0.6,0.9,0.7,0,210.0,0.9545,140.0,0.6364,1.0,0.795,0.9,0.7571428571428571,0.98,0.58
111,1.0,0.9,1.0,0.8,1.0,0.9,0.8,0.9,0.8,1.0,0,0.7,0.7,0.6,0.4,0.6,0.6,0.7,0.8,0.9,0.6,0,202.0,0.9182,140.0,0.6364,1.0,0.7769999999999999,0.8714285714285714,0.7571428571428571,0.94,0.58
112,1.0,1.0,1.0,1.0,1.0,0.9,0.9,1.0,1.0,0.9,0,1.0,0.9,0.7,0.9,0.8,0.8,0.9,1.0,0.9,0.9,0,215.0,0.9773,190.0,0.8635999999999999,1.0,0.9199999999999999,0.9285714285714286,0.9142857142857143,1.0,0.84
113,0.8,0.8,1.0,0.9,1.0,0.8,0.8,0.9,1.0,0.9,0,0.8,0.8,0.5,0.5,0.5,0.6,0.7,0.8,1.0,1.0,0,195.0,0.8864000000000001,147.0,0.6682,1.0,0.7769999999999999,0.8571428571428571,0.8571428571428571,0.9,0.58
114,1.0,1.0,1.0,1.0,1.0,0.9,0.9,0.9,1.0,0.9,0,0.9,0.8,0.7,0.8,0.8,0.7,0.9,0.9,1.0,0.9,0,214.0,0.9727,181.0,0.8227,1.0,0.898,0.9142857142857143,0.9142857142857143,1.0,0.78
115,1.0,1.0,1.0,0.9,1.0,0.9,0.9,0.9,1.0,0.9,0,0.9,0.9,0.9,0.8,0.8,1.0,0.8,1.0,1.0,0.9,0,211.0,0.9591,196.0,0.8909,1.0,0.925,0.9142857142857143,0.9142857142857143,0.98,0.88
116,0.9,0.9,1.0,0.9,1.0,0.9,1.0,1.0,1.0,0.9,0,0.8,0.8,0.7,0.6,0.7,0.7,0.7,0.9,0.9,0.9,0,208.0,0.9455,163.0,0.7409,1.0,0.843,0.9571428571428572,0.8285714285714286,0.94,0.7
117,0.9,0.9,1.0,0.9,1.0,0.7,0.9,0.9,0.9,0.9,0,0.9,0.9,0.7,0.7,0.7,0.8,1.0,0.9,1.0,1.0,0,200.0,0.9090999999999999,182.0,0.8272999999999999,1.0,0.868,0.8428571428571429,0.9714285714285714,0.94,0.76
118,1.0,1.0,1.0,0.9,1.0,0.8,0.9,0.9,1.0,1.0,0,1.0,0.9,0.8,0.9,0.8,0.9,1.0,1.0,0.9,1.0,0,210.0,0.9545,199.0,0.9045,1.0,0.93,0.9,0.9571428571428572,0.98,0.88
119,1.0,1.0,1.0,1.0,1.0,0.8,0.9,1.0,1.0,0.9,0,0.7,0.4,0.4,0.4,0.4,0.5,0.6,0.8,1.0,0.9,0,213.0,0.9682000000000001,125.0,0.5682,1.0,0.768,0.9,0.7571428571428571,1.0,0.48
120,1.0,0.9,1.0,0.9,1.0,0.6,0.9,0.9,1.0,0.9,0,0.9,0.7,0.4,0.0,0.6,0.6,0.0,0.0,0.9,0.9,0,202.0,0.9182,109.0,0.4955,0.8636363636363636,0.0,0.8285714285714286,0.4857142857142857,0.96,0.5
121,0.9,1.0,1.0,1.0,1.0,0.9,0.9,0.9,0.9,0.9,0,0.7,0.9,0.5,0.7,0.6,0.9,0.9,0.9,1.0,0.9,0,210.0,0.9545,167.0,0.7591,1.0,0.857,0.9,0.9285714285714286,0.98,0.68
122,0.9,1.0,0.9,0.9,1.0,0.9,0.9,0.9,0.9,1.0,0,0.9,0.7,0.8,0.6,0.7,0.8,0.8,0.8,0.9,0.7,0,205.0,0.9318,170.0,0.7727,1.0,0.852,0.9142857142857143,0.8,0.94,0.76
123,1.0,1.0,1.0,0.9,1.0,0.8,0.8,1.0,0.9,0.9,0,0.4,0.7,0.5,0.5,0.6,0.7,0.0,0.8,1.0,1.0,0,207.0,0.9409000000000001,126.0,0.5727,0.9545454545454546,0.0,0.8571428571428571,0.6428571428571429,0.98,0.54
124,1.0,1.0,0.8,1.0,1.0,0.8,0.9,1.0,0.9,1.0,0,1.0,0.9,0.8,0.8,0.7,0.7,0.8,0.9,0.9,0.9,0,207.0,0.9409000000000001,181.0,0.8227,1.0,0.882,0.9,0.8714285714285714,0.96,0.8
125,1.0,1.0,1.0,1.0,1.0,0.9,0.8,0.9,0.9,0.9,0,0.7,0.7,0.4,0.6,0.6,0.5,0.8,0.9,0.9,0.9,0,211.0,0.9591,143.0,0.65,1.0,0.805,0.8714285714285714,0.8428571428571429,1.0,0.56
126,1.0,1.0,1.0,0.9,1.0,0.9,0.9,1.0,0.9,1.0,0,1.0,0.9,0.7,0.7,0.7,0.7,0.8,0.9,0.9,0.8,0,212.0,0.9635999999999999,174.0,0.7908999999999999,1.0,0.877,0.9285714285714286,0.8571428571428571,0.98,0.76
127,1.0,1.0,1.0,1.0,1.0,0.9,0.8,0.9,0.9,1.0,0,0.6,0.4,0.4,0.4,0.5,0.6,0.7,0.6,0.9,0.8,0,212.0,0.9635999999999999,125.0,0.5682,1.0,0.766,0.8857142857142857,0.7142857142857143,1.0,0.5
128,1.0,1.0,1.0,1.0,1.0,0.9,0.9,1.0,1.0,0.9,0,0.9,0.8,0.6,0.7,0.8,0.8,0.8,0.9,1.0,0.8,0,215.0,0.9773,175.0,0.7955,1.0,0.8859999999999999,0.9285714285714286,0.8714285714285714,1.0,0.76
129,1.0,1.0,0.9,0.9,1.0,0.9,0.8,1.0,0.9,1.0,0,1.0,0.9,0.8,0.7,0.7,0.7,0.9,0.9,0.9,0.9,0,207.0,0.9409000000000001,180.0,0.8182,1.0,0.8800000000000001,0.9,0.9,0.96,0.78
130,1.0,1.0,0.9,1.0,1.0,0.9,1.0,1.0,1.0,1.0,0,0.9,0.9,0.7,0.8,0.7,0.9,0.8,1.0,1.0,0.9,0,215.0,0.9773,184.0,0.8364,1.0,0.907,0.9714285714285714,0.9142857142857143,0.98,0.8
131,1.0,1.0,1.0,0.9,1.0,0.9,0.8,0.9,1.0,0.9,0,0.9,0.9,0.8,0.8,0.9,0.8,1.0,0.9,1.0,0.9,0,209.0,0.95,193.0,0.8773,1.0,0.914,0.8857142857142857,0.9571428571428572,0.98,0.84
132,0.9,1.0,1.0,0.9,1.0,0.9,0.8,0.9,1.0,0.9,0,0.9,0.7,0.8,0.9,0.8,0.8,0.8,0.9,0.9,0.9,0,206.0,0.9364000000000001,185.0,0.8409000000000001,1.0,0.889,0.8857142857142857,0.8428571428571429,0.96,0.84
133,1.0,1.0,1.0,1.0,1.0,0.9,0.9,0.9,1.0,0.9,0,0.9,1.0,0.7,0.7,0.8,0.9,1.0,0.9,1.0,1.0,0,214.0,0.9727,189.0,0.8591,1.0,0.916,0.9142857142857143,0.9857142857142858,1.0,0.8
134,1.0,1.0,1.0,1.0,1.0,0.9,0.8,0.9,1.0,0.9,0,1.0,0.9,0.9,0.9,0.8,0.9,0.8,0.9,0.9,0.9,0,212.0,0.9635999999999999,196.0,0.8909,1.0,0.9269999999999999,0.8857142857142857,0.8714285714285714,1.0,0.9
135,0.9,1.0,1.0,1.0,1.0,0.8,0.8,0.9,0.9,1.0,0,0.8,0.7,0.7,0.7,0.6,0.6,0.6,0.8,0.8,0.7,0,207.0,0.9409000000000001,152.0,0.6909,1.0,0.8160000000000001,0.8571428571428571,0.7142857142857143,0.98,0.68
136,0.9,0.9,0.9,0.9,1.0,0.7,0.9,1.0,1.0,0.7,0,0.9,0.9,0.7,0.7,0.7,0.8,0.8,0.9,1.0,0.9,0,197.0,0.8955,177.0,0.8045,1.0,0.85,0.8428571428571429,0.9,0.92,0.76
137,0.8,0.9,0.8,0.9,1.0,0.9,0.8,0.9,0.9,0.9,0,0.0,0.7,0.5,0.5,0.0,0.4,0.0,0.0,0.9,0.7,0,193.0,0.8773,74.0,0.3364,0.7954545454545454,0.0,0.8714285714285714,0.45714285714285713,0.88,0.28
138,1.0,1.0,1.0,1.0,1.0,0.9,0.9,1.0,1.0,0.9,0,1.0,0.9,0.6,0.6,0.8,0.7,0.9,0.8,0.9,1.0,0,215.0,0.9773,174.0,0.7908999999999999,1.0,0.884,0.9285714285714286,0.9,1.0,0.74
139,1.0,1.0,1.0,0.9,1.0,0.9,0.8,0.9,0.9,0.9,0,0.8,0.7,0.5,0.7,0.6,0.6,0.6,0.8,0.8,0.7,0,208.0,0.9455,146.0,0.6636,1.0,0.805,0.8714285714285714,0.7142857142857143,0.98,0.64
140,1.0,1.0,1.0,1.0,1.0,0.9,0.9,1.0,0.9,0.9,0,0.8,0.9,0.7,0.8,0.8,0.9,0.9,1.0,0.9,1.0,0,214.0,0.9727,185.0,0.8409000000000001,1.0,0.907,0.9142857142857143,0.9285714285714286,1.0,0.8
141,0.9,0.8,0.9,0.9,1.0,0.9,0.8,1.0,1.0,0.8,0,0.7,0.8,0.0,0.4,0.4,0.7,0.7,0.9,0.9,1.0,0,197.0,0.8955,125.0,0.5682,0.9318181818181818,0.0,0.8857142857142857,0.8428571428571429,0.9,0.44
142,1.0,1.0,1.0,0.9,1.0,0.7,0.9,0.9,1.0,1.0,0,0.9,0.9,0.6,0.7,0.7,0.6,0.9,0.9,0.9,0.9,0,208.0,0.9455,168.0,0.7636000000000001,1.0,0.8550000000000001,0.8714285714285714,0.9,0.98,0.7
143,1.0,1.0,1.0,1.0,1.0,0.9,0.8,0.9,1.0,0.9,0,0.8,0.9,0.7,0.8,0.8,0.9,1.0,0.9,1.0,1.0,0,212.0,0.9635999999999999,188.0,0.8545,1.0,0.909,0.8857142857142857,0.9714285714285714,1.0,0.8
144,1.0,1.0,1.0,1.0,1.0,1.0,0.9,0.9,1.0,0.8,0,0.8,0.8,0.6,0.4,0.6,0.7,0.9,0.9,0.9,0.9,0,215.0,0.9773,155.0,0.7045,1.0,0.841,0.9285714285714286,0.8857142857142857,1.0,0.62
145,1.0,1.0,0.9,1.0,1.0,0.7,0.8,1.0,0.9,0.9,0,0.7,0.7,0.6,0.7,0.7,0.6,0.7,0.8,1.0,0.8,0,205.0,0.9318,156.0,0.7091000000000001,1.0,0.82,0.8285714285714286,0.8142857142857143,0.98,0.66
146,1.0,0.9,1.0,1.0,1.0,0.8,0.8,1.0,0.9,0.9,0,0.9,1.0,0.7,0.6,0.8,0.8,0.7,0.7,0.9,1.0,0,207.0,0.9409000000000001,173.0,0.7864,1.0,0.8640000000000001,0.8571428571428571,0.8428571428571429,0.98,0.76
147,1.0,1.0,1.0,1.0,1.0,1.0,0.9,1.0,1.0,1.0,0,1.0,0.9,0.8,0.9,0.9,0.7,1.0,1.0,1.0,0.7,0,218.0,0.9909000000000001,195.0,0.8864000000000001,1.0,0.9390000000000001,0.9714285714285714,0.9428571428571428,1.0,0.86
148,1.0,0.9,0.9,0.9,0.9,0.9,0.8,1.0,0.9,0.8,0,0.8,0.7,0.5,0.7,0.7,0.7,0.8,0.8,1.0,0.9,0,199.0,0.9045,162.0,0.7363999999999999,1.0,0.82,0.8714285714285714,0.8571428571428571,0.92,0.68
149,1.0,1.0,1.0,1.0,1.0,0.9,0.9,0.9,1.0,1.0,0,1.0,1.0,0.9,0.7,0.8,0.7,1.0,1.0,0.9,0.9,0,215.0,0.9773,190.0,0.8635999999999999,1.0,0.9199999999999999,0.9285714285714286,0.9571428571428572,1.0,0.82
150,1.0,1.0,1.0,1.0,1.0,1.0,0.9,1.0,1.0,1.0,0,1.0,0.9,0.7,0.8,0.7,0.6,1.0,1.0,1.0,1.0,0,218.0,0.9909000000000001,183.0,0.8318,1.0,0.9109999999999999,0.9714285714285714,0.9857142857142858,1.0,0.76
151,1.0,1.0,1.0,1.0,1.0,0.8,0.9,0.9,1.0,0.9,0,1.0,1.0,0.5,0.5,0.7,0.8,1.0,0.9,0.9,1.0,0,212.0,0.9635999999999999,172.0,0.7817999999999999,1.0,0.873,0.8857142857142857,0.9571428571428572,1.0,0.7
152,0.9,0.9,1.0,0.9,1.0,0.9,0.9,1.0,1.0,1.0,0,0.5,0.7,0.4,0.6,0.0,0.5,0.7,0.7,0.9,0.9,0,207.0,0.9409000000000001,115.0,0.5227,0.9318181818181818,0.0,0.9428571428571428,0.7857142857142857,0.94,0.4
153,1.0,0.9,1.0,1.0,1.0,0.8,0.8,1.0,0.9,0.9,0,0.7,0.9,0.7,0.7,0.7,0.7,0.8,0.9,0.8,0.9,0,207.0,0.9409000000000001,164.0,0.7455,1.0,0.843,0.8571428571428571,0.8428571428571429,0.98,0.7
154,1.0,1.0,0.9,1.0,1.0,0.8,0.9,0.9,0.9,0.9,0,0.9,0.8,0.7,0.4,0.7,0.5,1.0,0.9,1.0,0.9,0,208.0,0.9455,162.0,0.7363999999999999,1.0,0.841,0.8714285714285714,0.9428571428571428,0.98,0.64
155,1.0,1.0,1.0,1.0,1.0,0.9,0.9,0.9,0.9,0.9,0,1.0,0.9,0.6,0.8,0.8,0.8,0.9,0.9,0.9,1.0,0,213.0,0.9682000000000001,184.0,0.8364,1.0,0.9019999999999999,0.9,0.9142857142857143,1.0,0.8
156,1.0,0.9,1.0,0.9,1.0,0.9,0.8,0.9,0.9,0.9,0,0.7,0.9,0.7,0.7,0.9,0.9,0.7,0.8,1.0,0.9,0,205.0,0.9318,177.0,0.8045,1.0,0.868,0.8714285714285714,0.8571428571428571,0.96,0.78
157,1.0,1.0,1.0,0.9,1.0,0.9,0.9,1.0,0.9,0.9,0,0.9,0.8,0.7,0.7,0.7,0.7,0.7,0.9,0.9,1.0,0,211.0,0.9591,170.0,0.7727,1.0,0.866,0.9142857142857143,0.8428571428571429,0.98,0.74
158,1.0,0.9,1.0,0.9,1.0,0.9,0.8,0.9,1.0,0.9,0,0.4,0.7,0.4,0.7,0.4,0.7,0.9,0.9,0.9,0.9,0,206.0,0.9364000000000001,139.0,0.6317999999999999,1.0,0.784,0.8857142857142857,0.8714285714285714,0.96,0.52
159,1.0,0.9,0.9,1.0,1.0,0.9,0.9,1.0,1.0,1.0,0,0.9,0.9,0.6,0.7,0.7,0.5,0.8,0.8,1.0,0.9,0,210.0,0.9545,164.0,0.7455,1.0,0.85,0.9428571428571428,0.8857142857142857,0.96,0.68
160,1.0,0.9,1.0,1.0,1.0,0.8,0.9,1.0,0.9,0.9,0,0.9,0.9,0.6,0.6,0.8,0.7,0.8,0.9,1.0,1.0,0,209.0,0.95,172.0,0.7817999999999999,1.0,0.866,0.8857142857142857,0.9142857142857143,0.98,0.72
161,1.0,1.0,1.0,1.0,1.0,0.9,0.9,0.9,1.0,0.9,0,0.9,0.8,0.8,0.6,0.7,0.8,0.9,0.9,0.9,1.0,0,214.0,0.9727,177.0,0.8045,1.0,0.889,0.9142857142857143,0.9,1.0,0.76
162,1.0,1.0,0.9,1.0,1.0,0.9,0.9,0.9,1.0,1.0,0,1.0,1.0,0.8,0.8,0.9,0.8,1.0,1.0,1.0,1.0,0,212.0,0.9635999999999999,199.0,0.9045,1.0,0.9339999999999999,0.9285714285714286,1.0,0.98,0.86
163,1.0,1.0,0.9,0.8,1.0,0.7,0.9,1.0,0.9,0.9,0,0.7,0.7,0.4,0.5,0.6,0.4,0.0,0.0,0.9,0.7,0,201.0,0.9136,110.0,0.5,0.9318181818181818,0.0,0.8571428571428571,0.45714285714285713,0.94,0.52
164,1.0,1.0,1.0,1.0,1.0,0.9,1.0,1.0,1.0,0.9,0,1.0,0.9,0.8,0.9,1.0,0.7,0.9,1.0,1.0,0.9,0,217.0,0.9864,198.0,0.9,1.0,0.943,0.9571428571428572,0.9428571428571428,1.0,0.88
165,1.0,1.0,0.8,0.9,1.0,0.8,1.0,0.9,0.9,0.9,0,0.8,0.8,0.6,0.6,0.8,0.7,1.0,0.9,1.0,1.0,0,204.0,0.9273,172.0,0.7817999999999999,1.0,0.8550000000000001,0.9,0.9571428571428572,0.94,0.7
166,0.9,0.8,0.8,1.0,1.0,0.9,0.9,0.9,1.0,0.9,0,0.8,0.8,0.4,0.4,0.7,0.6,0.7,0.8,0.9,0.9,0,199.0,0.9045,144.0,0.6545,1.0,0.78,0.9142857142857143,0.8142857142857143,0.9,0.58
167,1.0,1.0,1.0,1.0,1.0,0.9,0.8,1.0,0.9,0.5,0,0.8,0.8,0.6,0.0,0.7,0.4,0.7,0.8,0.9,0.9,0,208.0,0.9455,132.0,0.6,0.9318181818181818,0.0,0.8285714285714286,0.8142857142857143,1.0,0.5
168,1.0,1.0,1.0,1.0,1.0,0.8,0.9,0.9,0.9,0.9,0,0.8,0.9,0.6,0.6,0.6,0.8,0.7,0.8,0.9,0.9,0,211.0,0.9591,160.0,0.7273,1.0,0.843,0.8714285714285714,0.8285714285714286,1.0,0.68
169,1.0,1.0,1.0,1.0,1.0,0.8,0.8,0.9,0.7,0.6,0,0.8,0.6,0.7,0.6,0.7,0.6,0.6,0.8,0.9,0.9,0,204.0,0.9273,155.0,0.7045,1.0,0.8160000000000001,0.7714285714285715,0.7571428571428571,1.0,0.68
170,1.0,1.0,1.0,1.0,1.0,0.9,1.0,1.0,0.9,0.7,0,1.0,0.9,0.4,0.8,0.7,0.7,0.9,0.9,0.9,0.9,0,214.0,0.9727,171.0,0.7773,1.0,0.875,0.9142857142857143,0.9,1.0,0.72
171,1.0,1.0,0.9,0.9,1.0,0.9,0.8,0.9,0.9,1.0,0,0.9,0.9,0.6,0.7,0.6,0.7,0.8,0.8,0.9,0.9,0,206.0,0.9364000000000001,165.0,0.75,1.0,0.843,0.8857142857142857,0.8571428571428571,0.96,0.7
172,1.0,1.0,1.0,1.0,1.0,0.9,0.9,1.0,1.0,1.0,0,1.0,0.9,0.7,0.7,0.9,0.7,1.0,1.0,0.9,0.8,0,216.0,0.9818,185.0,0.8409000000000001,1.0,0.9109999999999999,0.9428571428571428,0.9285714285714286,1.0,0.8
173,0.8,1.0,0.9,0.9,1.0,0.8,0.9,0.9,1.0,0.9,0,0.0,0.6,0.0,0.6,0.4,0.6,0.7,0.8,0.9,1.0,0,200.0,0.9090999999999999,104.0,0.4727,0.8636363636363636,0.0,0.8857142857142857,0.8,0.92,0.32
174,1.0,1.0,0.8,0.9,1.0,0.8,0.9,0.8,0.8,0.4,0,0.0,0.4,0.0,0.0,0.0,0.5,0.5,0.5,0.8,0.7,0,195.0,0.8864000000000001,57.0,0.2591,0.7272727272727273,0.0,0.7714285714285715,0.6,0.94,0.1
175,1.0,1.0,1.0,0.9,1.0,0.9,1.0,0.9,1.0,1.0,0,0.8,0.9,0.8,0.9,0.8,1.0,0.7,0.9,1.0,1.0,0,214.0,0.9727,191.0,0.8682000000000001,1.0,0.9199999999999999,0.9571428571428572,0.8857142857142857,0.98,0.86
176,1.0,1.0,1.0,0.9,1.0,0.9,0.8,0.9,0.9,0.9,0,1.0,0.7,0.6,0.7,0.6,0.6,0.8,0.8,0.9,0.8,0,208.0,0.9455,162.0,0.7363999999999999,1.0,0.841,0.8714285714285714,0.8142857142857143,0.98,0.7
177,1.0,1.0,1.0,0.9,1.0,0.9,0.9,1.0,0.9,0.9,0,0.9,0.7,0.8,0.8,1.0,0.7,0.8,0.9,0.9,0.9,0,211.0,0.9591,185.0,0.8409000000000001,1.0,0.9,0.9142857142857143,0.8428571428571429,0.98,0.84
178,1.0,1.0,1.0,1.0,1.0,0.9,1.0,0.9,0.9,0.9,0,0.9,0.9,0.9,0.8,0.8,0.7,0.9,1.0,1.0,0.9,0,215.0,0.9773,189.0,0.8591,1.0,0.9179999999999999,0.9285714285714286,0.9428571428571428,1.0,0.82
179,1.0,1.0,1.0,0.9,1.0,0.8,0.8,1.0,0.9,0.8,0,0.9,0.9,0.8,0.8,1.0,0.7,0.9,1.0,1.0,0.9,0,206.0,0.9364000000000001,192.0,0.8727,1.0,0.905,0.8428571428571429,0.9428571428571428,0.98,0.84
180,0.9,1.0,1.0,0.9,1.0,0.9,0.8,1.0,0.9,0.9,0,0.7,0.7,0.7,0.6,0.6,0.6,0.9,0.8,0.9,0.9,0,206.0,0.9364000000000001,156.0,0.7091000000000001,1.0,0.8230000000000001,0.8857142857142857,0.8571428571428571,0.96,0.64
181,1.0,1.0,1.0,1.0,1.0,0.9,0.8,0.9,0.9,1.0,0,0.9,0.8,0.7,0.7,0.7,0.6,0.9,0.8,0.9,0.9,0,212.0,0.9635999999999999,169.0,0.7682,1.0,0.866,0.8857142857142857,0.8714285714285714,1.0,0.72
182,1.0,1.0,1.0,1.0,1.0,0.9,0.9,1.0,0.9,1.0,0,0.7,0.8,0.5,0.7,0.8,0.7,0.8,0.9,0.9,0.9,0,215.0,0.9773,162.0,0.7363999999999999,1.0,0.857,0.9285714285714286,0.8571428571428571,1.0,0.68
183,1.0,1.0,1.0,0.9,1.0,0.9,0.9,1.0,0.9,1.0,0,0.9,0.8,0.8,0.8,0.7,0.8,0.8,0.9,0.9,0.9,0,212.0,0.9635999999999999,180.0,0.8182,1.0,0.891,0.9285714285714286,0.8571428571428571,0.98,0.8
184,1.0,1.0,0.9,1.0,1.0,0.8,0.8,0.9,1.0,0.9,0,0.8,0.9,0.7,0.5,0.7,0.6,0.7,0.8,1.0,0.9,0,207.0,0.9409000000000001,159.0,0.7227,1.0,0.8320000000000001,0.8571428571428571,0.8571428571428571,0.98,0.66
185,0.8,0.9,0.9,0.8,1.0,0.6,0.7,0.9,1.0,0.9,0,0.0,0.6,0.0,0.4,0.0,0.0,0.0,0.7,0.9,1.0,0,186.0,0.8455,53.0,0.24089999999999998,0.6818181818181818,0.0,0.7714285714285715,0.5857142857142857,0.88,0.08
186,1.0,1.0,0.9,1.0,1.0,0.9,0.9,0.9,1.0,1.0,0,0.9,0.8,0.6,0.7,0.7,0.7,0.8,0.7,1.0,0.9,0,212.0,0.9635999999999999,168.0,0.7636000000000001,1.0,0.8640000000000001,0.9285714285714286,0.8571428571428571,0.98,0.72
187,1.0,0.9,1.0,0.9,1.0,0.8,0.8,1.0,1.0,0.9,0,0.9,0.7,0.6,0.6,0.6,0.7,0.9,0.9,1.0,0.9,0,205.0,0.9318,165.0,0.75,1.0,0.841,0.8714285714285714,0.9,0.96,0.68
188,1.0,1.0,1.0,0.9,1.0,0.9,0.8,0.9,1.0,0.9,0,1.0,0.7,0.7,0.8,0.6,0.7,0.9,1.0,1.0,0.9,0,209.0,0.95,178.0,0.8090999999999999,1.0,0.8800000000000001,0.8857142857142857,0.9142857142857143,0.98,0.76
189,1.0,1.0,1.0,0.9,1.0,0.7,0.8,1.0,0.9,0.9,0,0.7,0.9,0.5,0.7,0.6,0.6,0.0,0.7,0.9,0.8,0,205.0,0.9318,135.0,0.6136,0.9545454545454546,0.0,0.8285714285714286,0.6,0.98,0.62
190,1.0,1.0,1.0,1.0,1.0,0.8,0.8,0.9,0.7,0.9,0,0.7,0.5,0.4,0.6,0.5,0.6,0.6,0.8,0.8,0.8,0,207.0,0.9409000000000001,133.0,0.6045,1.0,0.773,0.8142857142857143,0.7,1.0,0.56
191,1.0,0.9,1.0,0.9,1.0,0.9,0.8,0.9,1.0,0.9,0,1.0,0.9,0.8,0.7,0.8,0.7,0.9,0.9,0.9,0.9,0,206.0,0.9364000000000001,183.0,0.8318,1.0,0.884,0.8857142857142857,0.9,0.96,0.8
192,1.0,1.0,1.0,1.0,1.0,0.8,0.9,1.0,1.0,1.0,0,0.8,0.8,0.9,0.9,0.8,0.7,0.7,0.9,0.9,0.8,0,214.0,0.9727,180.0,0.8182,1.0,0.8949999999999999,0.9142857142857143,0.8142857142857143,1.0,0.82
193,1.0,1.0,1.0,1.0,1.0,0.9,0.7,0.9,0.9,0.9,0,0.9,0.9,0.7,0.7,0.9,0.8,0.9,0.8,1.0,1.0,0,209.0,0.95,185.0,0.8409000000000001,1.0,0.8949999999999999,0.8428571428571429,0.9285714285714286,1.0,0.8
194,1.0,0.9,0.9,0.9,1.0,0.9,0.9,0.9,0.9,0.9,0,0.9,0.7,0.6,0.7,0.5,0.6,0.7,0.8,1.0,0.8,0,204.0,0.9273,156.0,0.7091000000000001,1.0,0.818,0.9,0.8142857142857143,0.94,0.66
195,1.0,0.9,1.0,1.0,1.0,0.8,0.9,0.9,1.0,1.0,0,0.8,0.8,0.6,0.6,0.5,0.6,0.9,0.7,1.0,0.9,0,210.0,0.9545,155.0,0.7045,1.0,0.8300000000000001,0.9,0.8857142857142857,0.98,0.62
196,1.0,1.0,1.0,1.0,1.0,0.9,0.9,0.9,0.9,0.9,0,1.0,0.8,0.7,0.8,1.0,0.6,0.9,0.9,1.0,1.0,0,213.0,0.9682000000000001,188.0,0.8545,1.0,0.9109999999999999,0.9,0.9285714285714286,1.0,0.82
197,1.0,1.0,1.0,0.9,1.0,0.9,0.9,1.0,0.9,0.9,0,1.0,0.8,0.7,0.8,0.7,0.7,0.9,0.9,0.9,0.9,0,211.0,0.9591,179.0,0.8135999999999999,1.0,0.8859999999999999,0.9142857142857143,0.8857142857142857,0.98,0.78
198,1.0,0.9,1.0,1.0,1.0,0.8,0.9,0.9,1.0,1.0,0,0.9,0.9,0.7,0.8,0.7,0.7,1.0,0.8,1.0,1.0,0,210.0,0.9545,181.0,0.8227,1.0,0.889,0.9,0.9571428571428572,0.98,0.76
199,0.9,1.0,1.0,1.0,1.0,0.8,0.9,0.9,0.9,0.8,0,0.9,0.7,0.7,0.7,0.6,0.6,0.9,0.9,0.9,0.9,0,207.0,0.9409000000000001,166.0,0.7545,1.0,0.8480000000000001,0.8571428571428571,0.8714285714285714,0.98,0.7
200,1.0,0.9,1.0,1.0,1.0,0.8,0.8,1.0,0.9,1.0,0,0.9,1.0,0.7,0.8,0.9,0.9,0.8,0.8,0.9,0.9,0,208.0,0.9455,187.0,0.85,1.0,0.898,0.8714285714285714,0.8714285714285714,0.98,0.84
201,0.9,1.0,0.9,1.0,1.0,0.9,0.8,0.9,0.9,0.9,0,0.7,0.9,0.7,0.8,0.9,0.9,0.9,0.9,1.0,1.0,0,205.0,0.9318,186.0,0.8455,1.0,0.889,0.8714285714285714,0.9428571428571428,0.96,0.8
202,1.0,0.9,0.9,0.9,1.0,0.9,0.8,0.9,1.0,0.8,0,1.0,0.9,0.7,0.7,0.8,0.7,0.9,1.0,1.0,0.9,0,202.0,0.9182,183.0,0.8318,1.0,0.875,0.8714285714285714,0.9428571428571428,0.94,0.78
203,1.0,0.9,1.0,0.9,1.0,0.9,0.9,1.0,1.0,0.9,0,0.7,0.7,0.8,0.8,0.8,0.7,0.8,0.8,0.9,1.0,0,209.0,0.95,173.0,0.7864,1.0,0.868,0.9285714285714286,0.8428571428571429,0.96,0.76
204,1.0,0.9,1.0,1.0,1.0,0.9,0.9,0.9,0.9,0.8,0,0.9,0.7,0.7,0.7,0.6,0.6,0.8,0.8,1.0,0.7,0,209.0,0.95,163.0,0.7409,1.0,0.845,0.8857142857142857,0.8285714285714286,0.98,0.7
205,1.0,1.0,1.0,1.0,1.0,0.9,0.6,0.9,0.9,0.9,0,0.6,0.4,0.4,0.4,0.4,0.4,0.6,0.6,0.7,0.8,0,207.0,0.9409000000000001,110.0,0.5,1.0,0.72,0.8142857142857143,0.6285714285714286,1.0,0.44
206,1.0,1.0,1.0,0.9,1.0,0.9,0.8,0.9,1.0,0.9,0,1.0,1.0,0.6,0.5,0.8,0.4,0.9,1.0,0.9,0.9,0,209.0,0.95,164.0,0.7455,1.0,0.8480000000000001,0.8857142857142857,0.9285714285714286,0.98,0.66
207,1.0,1.0,1.0,1.0,1.0,0.9,0.8,0.9,0.9,0.9,0,0.9,0.8,0.4,0.5,0.8,0.6,0.9,0.9,0.9,0.7,0,211.0,0.9591,156.0,0.7091000000000001,1.0,0.834,0.8714285714285714,0.8571428571428571,1.0,0.64
208,1.0,1.0,1.0,1.0,1.0,0.9,0.8,1.0,0.9,0.9,0,0.8,0.7,0.6,0.6,0.5,0.7,0.7,0.8,0.9,0.9,0,212.0,0.9635999999999999,152.0,0.6909,1.0,0.827,0.8857142857142857,0.8,1.0,0.64
209,0.9,1.0,0.9,0.9,1.0,0.9,0.8,0.9,0.9,0.9,0,0.7,0.9,0.7,0.8,0.9,0.9,0.7,0.8,0.9,1.0,0,202.0,0.9182,179.0,0.8135999999999999,1.0,0.866,0.8714285714285714,0.8428571428571429,0.94,0.8
210,1.0,1.0,1.0,1.0,1.0,0.9,0.7,1.0,0.9,0.9,0,0.6,0.7,0.6,0.6,0.5,0.4,0.8,0.0,0.9,0.8,0,210.0,0.9545,130.0,0.5909,0.9772727272727273,0.0,0.8571428571428571,0.7,1.0,0.54
211,1.0,1.0,1.0,0.9,1.0,0.8,0.7,1.0,0.9,0.9,0,0.8,0.7,0.6,0.7,0.8,0.8,0.7,0.9,0.9,0.7,0,205.0,0.9318,166.0,0.7545,1.0,0.843,0.8285714285714286,0.7857142857142857,0.98,0.74
212,1.0,0.9,0.9,1.0,1.0,0.9,0.8,0.9,0.9,0.9,0,0.9,0.7,0.7,0.7,0.9,0.5,0.6,0.9,0.9,0.9,0,205.0,0.9318,166.0,0.7545,1.0,0.843,0.8714285714285714,0.7857142857142857,0.96,0.74
213,1.0,1.0,1.0,0.9,1.0,0.9,0.9,0.9,0.9,0.9,0,0.7,0.8,0.6,0.5,0.7,0.6,0.7,0.7,1.0,0.9,0,210.0,0.9545,151.0,0.6864,1.0,0.82,0.9,0.8285714285714286,0.98,0.62
214,1.0,1.0,1.0,1.0,1.0,0.9,0.9,1.0,1.0,1.0,0,0.9,0.8,0.7,0.8,0.7,0.8,0.9,0.9,0.9,0.9,0,216.0,0.9818,179.0,0.8135999999999999,1.0,0.898,0.9428571428571428,0.8857142857142857,1.0,0.78
215,1.0,1.0,1.0,0.9,1.0,0.9,0.8,0.9,0.9,0.9,0,0.9,0.7,0.8,0.7,0.8,0.6,0.8,0.8,0.9,0.7,0,208.0,0.9455,170.0,0.7727,1.0,0.859,0.8714285714285714,0.8,0.98,0.76
216,1.0,1.0,1.0,1.0,1.0,0.8,0.8,1.0,1.0,0.9,0,1.0,0.9,0.7,0.7,0.7,0.7,0.9,0.9,1.0,0.9,0,211.0,0.9591,179.0,0.8135999999999999,1.0,0.8859999999999999,0.8714285714285714,0.9285714285714286,1.0,0.76
217,1.0,1.0,1.0,1.0,1.0,0.9,0.9,0.9,0.9,0.9,0,0.8,0.9,0.9,0.8,0.8,1.0,0.9,1.0,0.9,1.0,0,213.0,0.9682000000000001,194.0,0.8817999999999999,1.0,0.925,0.9,0.9285714285714286,1.0,0.86
218,1.0,1.0,1.0,0.9,1.0,0.9,0.8,0.9,1.0,0.7,0,1.0,0.8,0.6,0.6,0.9,0.8,1.0,1.0,0.9,0.9,0,207.0,0.9409000000000001,182.0,0.8272999999999999,1.0,0.884,0.8571428571428571,0.9285714285714286,0.98,0.78
219,1.0,1.0,1.0,1.0,1.0,0.9,0.9,1.0,0.9,0.9,0,1.0,0.9,0.8,0.7,0.8,0.9,0.9,0.8,1.0,1.0,0,214.0,0.9727,191.0,0.8682000000000001,1.0,0.9199999999999999,0.9142857142857143,0.9285714285714286,1.0,0.84
220,1.0,1.0,1.0,1.0,1.0,0.9,0.8,1.0,0.9,0.9,0,0.5,0.9,0.5,0.7,0.6,0.6,0.7,0.9,1.0,0.9,0,212.0,0.9635999999999999,148.0,0.6727000000000001,1.0,0.818,0.8857142857142857,0.8714285714285714,1.0,0.58
221,1.0,1.0,0.9,1.0,1.0,0.9,0.8,1.0,1.0,0.9,0,0.9,0.9,0.8,0.9,0.8,0.9,0.7,0.8,0.9,0.9,0,210.0,0.9545,187.0,0.85,1.0,0.9019999999999999,0.9,0.8285714285714286,0.98,0.86
222,1.0,1.0,1.0,0.9,1.0,0.9,0.8,0.9,1.0,0.9,0,0.8,1.0,0.6,0.5,0.4,0.7,0.9,0.8,0.9,0.9,0,209.0,0.95,153.0,0.6955,1.0,0.8230000000000001,0.8857142857142857,0.9,0.98,0.6
223,1.0,0.9,1.0,1.0,1.0,0.9,0.8,0.9,1.0,0.8,0,0.9,0.9,0.6,0.7,0.8,0.7,0.9,0.9,1.0,0.9,0,208.0,0.9455,176.0,0.8,1.0,0.873,0.8714285714285714,0.9285714285714286,0.98,0.74
224,1.0,1.0,1.0,1.0,1.0,0.9,1.0,0.9,1.0,0.9,0,1.0,0.9,0.7,0.7,0.9,0.7,0.9,1.0,0.9,0.9,0,216.0,0.9818,184.0,0.8364,1.0,0.909,0.9428571428571428,0.9142857142857143,1.0,0.8
225,1.0,0.9,1.0,0.9,1.0,0.9,1.0,1.0,0.9,0.9,0,0.9,0.8,0.7,0.5,0.7,0.7,0.9,0.7,0.8,0.9,0,210.0,0.9545,163.0,0.7409,1.0,0.8480000000000001,0.9428571428571428,0.8285714285714286,0.96,0.7
226,1.0,1.0,1.0,0.9,1.0,0.9,0.7,1.0,0.9,0.9,0,0.7,0.5,0.0,0.0,0.0,0.6,0.0,0.5,0.9,0.9,0,207.0,0.9409000000000001,76.0,0.34550000000000003,0.75,0.0,0.8571428571428571,0.5285714285714286,0.98,0.26
227,1.0,0.9,1.0,1.0,1.0,0.9,0.9,1.0,1.0,1.0,0,1.0,0.9,0.7,0.8,0.9,0.9,1.0,0.9,0.9,1.0,0,213.0,0.9682000000000001,195.0,0.8864000000000001,1.0,0.9269999999999999,0.9428571428571428,0.9428571428571428,0.98,0.86
228,1.0,1.0,1.0,0.9,1.0,0.9,0.8,0.9,0.9,1.0,0,1.0,0.8,0.5,0.5,0.7,0.4,0.6,0.9,0.8,0.8,0,209.0,0.95,146.0,0.6636,1.0,0.807,0.8857142857142857,0.7571428571428571,0.98,0.62
229,1.0,1.0,1.0,1.0,1.0,0.9,0.8,0.9,0.9,1.0,0,0.7,0.6,0.4,0.5,0.4,0.7,0.8,0.5,0.9,0.7,0,212.0,0.9635999999999999,133.0,0.6045,1.0,0.784,0.8857142857142857,0.7428571428571429,1.0,0.54
230,1.0,1.0,1.0,0.9,1.0,0.9,0.9,1.0,0.9,0.9,0,0.8,0.9,0.6,0.4,0.8,0.7,0.8,0.7,0.9,0.9,0,211.0,0.9591,158.0,0.7182000000000001,1.0,0.8390000000000001,0.9142857142857143,0.8428571428571429,0.98,0.66
231,1.0,0.9,1.0,0.9,1.0,0.9,1.0,0.9,1.0,1.0,0,0.8,0.8,0.8,0.9,0.9,0.7,0.9,1.0,0.8,1.0,0,211.0,0.9591,185.0,0.8409000000000001,1.0,0.9,0.9571428571428572,0.8857142857142857,0.96,0.82
232,1.0,0.9,1.0,0.7,1.0,0.9,1.0,0.9,1.0,0.9,0,0.8,0.8,0.6,0.6,0.9,0.6,0.9,0.8,1.0,0.8,0,204.0,0.9273,167.0,0.7591,1.0,0.843,0.9428571428571428,0.8857142857142857,0.92,0.7
233,1.0,1.0,1.0,0.9,1.0,0.9,0.8,0.9,0.9,0.9,0,0.7,0.8,0.6,0.7,0.4,0.6,0.8,0.7,0.9,0.9,0,208.0,0.9455,148.0,0.6727000000000001,1.0,0.8089999999999999,0.8714285714285714,0.8285714285714286,0.98,0.6
234,1.0,0.9,1.0,1.0,1.0,0.8,0.9,0.9,0.9,0.7,0,0.6,0.7,0.6,0.5,0.6,0.8,0.9,0.7,1.0,0.9,0,206.0,0.9364000000000001,154.0,0.7,1.0,0.818,0.8428571428571429,0.8714285714285714,0.98,0.62
235,1.0,1.0,1.0,0.9,1.0,0.9,0.8,1.0,0.9,1.0,0,0.6,0.8,0.6,0.6,0.5,0.4,0.9,0.7,0.8,0.9,0,210.0,0.9545,139.0,0.6317999999999999,1.0,0.7929999999999999,0.9,0.8285714285714286,0.98,0.54
236,1.0,0.9,1.0,0.9,1.0,0.9,0.7,0.9,0.7,0.5,0,0.8,0.7,0.7,0.8,0.8,0.8,0.8,0.9,0.9,0.9,0,197.0,0.8955,176.0,0.8,1.0,0.8480000000000001,0.7571428571428571,0.8428571428571429,0.96,0.78
237,1.0,1.0,0.9,1.0,1.0,0.8,0.9,0.9,1.0,0.9,0,0.8,0.7,0.8,0.7,0.7,0.6,0.6,0.8,0.9,0.7,0,209.0,0.95,160.0,0.7273,1.0,0.8390000000000001,0.8857142857142857,0.7428571428571429,0.98,0.72
238,1.0,1.0,0.9,1.0,1.0,0.9,0.9,1.0,1.0,1.0,0,1.0,1.0,0.8,0.6,1.0,0.9,1.0,1.0,1.0,0.9,0,213.0,0.9682000000000001,198.0,0.9,1.0,0.9339999999999999,0.9428571428571428,0.9857142857142858,0.98,0.86
239,0.9,0.9,0.7,0.8,0.9,0.9,0.8,1.0,1.0,0.9,0,0.7,0.8,0.4,0.4,0.4,0.4,0.9,0.9,0.9,0.9,0,189.0,0.8591,131.0,0.5955,1.0,0.727,0.9,0.8857142857142857,0.84,0.46
240,1.0,0.9,0.9,0.8,1.0,0.6,0.7,0.9,0.9,0.8,0,0.7,0.8,0.6,0.7,0.4,0.4,0.7,0.7,0.9,0.9,0,190.0,0.8635999999999999,140.0,0.6364,1.0,0.75,0.7428571428571429,0.8,0.92,0.56
241,1.0,1.0,1.0,1.0,1.0,0.9,0.8,0.9,0.9,1.0,0,0.6,0.6,0.4,0.6,0.4,0.5,0.7,0.7,0.9,0.9,0,212.0,0.9635999999999999,129.0,0.5864,1.0,0.775,0.8857142857142857,0.7714285714285715,1.0,0.5
242,1.0,1.0,1.0,1.0,1.0,0.9,0.9,0.9,0.9,0.9,0,0.9,0.9,0.7,0.7,0.9,0.8,0.9,1.0,0.9,1.0,0,213.0,0.9682000000000001,185.0,0.8409000000000001,1.0,0.905,0.9,0.9285714285714286,1.0,0.8
243,1.0,0.9,0.9,0.9,1.0,0.9,0.8,1.0,1.0,0.9,0,0.9,0.8,0.5,0.5,0.8,0.8,0.9,0.9,0.9,0.8,0,204.0,0.9273,166.0,0.7545,1.0,0.841,0.9,0.8714285714285714,0.94,0.7
244,1.0,1.0,1.0,1.0,1.0,0.9,0.9,1.0,0.9,0.9,0,1.0,0.9,0.6,0.7,0.9,0.8,1.0,0.9,0.9,0.8,0,214.0,0.9727,184.0,0.8364,1.0,0.905,0.9142857142857143,0.9142857142857143,1.0,0.8
245,0.9,0.8,0.7,0.9,1.0,0.8,0.5,1.0,1.0,0.9,0,0.4,0.6,0.0,0.0,0.4,0.0,0.0,0.9,0.9,0.9,0,184.0,0.8364,66.0,0.3,0.75,0.0,0.7857142857142857,0.6,0.86,0.16
246,1.0,1.0,1.0,0.8,1.0,0.9,0.8,0.9,0.9,0.9,0,0.8,0.8,0.7,0.8,0.6,0.7,0.7,0.7,0.9,0.9,0,205.0,0.9318,164.0,0.7455,1.0,0.8390000000000001,0.8714285714285714,0.8,0.96,0.72
247,1.0,0.9,0.9,1.0,1.0,0.9,0.9,0.9,0.9,0.9,0,0.8,0.8,0.7,0.8,0.8,0.7,0.9,0.9,1.0,0.9,0,207.0,0.9409000000000001,178.0,0.8090999999999999,1.0,0.875,0.9,0.9142857142857143,0.96,0.76
248,1.0,1.0,1.0,1.0,1.0,0.9,0.8,1.0,1.0,0.9,0,0.9,0.9,0.7,0.7,0.9,0.7,1.0,0.9,0.9,0.9,0,213.0,0.9682000000000001,182.0,0.8272999999999999,1.0,0.898,0.9,0.9285714285714286,1.0,0.78
249,1.0,1.0,0.9,0.9,1.0,0.9,0.8,0.9,0.9,0.9,0,0.8,0.8,0.6,0.8,0.7,0.7,0.7,0.8,1.0,1.0,0,205.0,0.9318,168.0,0.7636000000000001,1.0,0.8480000000000001,0.8714285714285714,0.8571428571428571,0.96,0.72
250,1.0,1.0,1.0,1.0,1.0,0.7,0.8,0.9,1.0,0.9,0,0.8,0.8,0.5,0.8,0.8,0.8,1.0,0.7,1.0,1.0,0,208.0,0.9455,176.0,0.8,1.0,0.873,0.8285714285714286,0.9285714285714286,1.0,0.74
251,1.0,1.0,1.0,1.0,1.0,1.0,0.9,1.0,1.0,0.9,0,0.8,0.9,0.6,0.6,0.6,0.8,1.0,0.9,1.0,1.0,0,217.0,0.9864,170.0,0.7727,1.0,0.8800000000000001,0.9571428571428572,0.9714285714285714,1.0,0.68
252,0.9,1.0,1.0,1.0,1.0,0.9,0.9,0.9,1.0,0.9,0,1.0,0.9,0.8,0.8,1.0,0.9,1.0,0.9,1.0,1.0,0,211.0,0.9591,203.0,0.9227000000000001,1.0,0.9410000000000001,0.9142857142857143,0.9714285714285714,0.98,0.9
253,0.9,1.0,1.0,0.9,1.0,0.8,0.9,1.0,0.9,0.9,0,0.9,0.9,0.8,0.8,0.9,0.8,0.8,0.9,1.0,0.9,0,206.0,0.9364000000000001,189.0,0.8591,1.0,0.898,0.8857142857142857,0.9,0.96,0.84
254,1.0,1.0,1.0,1.0,1.0,0.9,0.9,1.0,1.0,0.9,0,0.8,0.8,0.6,0.8,0.7,0.7,0.9,0.9,0.9,1.0,0,215.0,0.9773,171.0,0.7773,1.0,0.877,0.9285714285714286,0.9,1.0,0.72
255,1.0,1.0,0.9,0.9,1.0,0.9,0.8,1.0,0.9,0.7,0,0.8,0.7,0.7,0.7,0.8,0.6,0.8,0.7,0.9,0.9,0,204.0,0.9273,165.0,0.75,1.0,0.8390000000000001,0.8571428571428571,0.8142857142857143,0.96,0.72
256,1.0,1.0,1.0,0.9,1.0,0.8,0.9,0.9,1.0,0.9,0,0.9,0.9,0.7,0.7,0.8,0.8,0.9,0.9,1.0,0.9,0,209.0,0.95,182.0,0.8272999999999999,1.0,0.889,0.8857142857142857,0.9285714285714286,0.98,0.78
257,1.0,1.0,0.9,0.9,1.0,0.9,0.9,1.0,1.0,1.0,0,1.0,0.8,0.7,0.7,0.8,0.7,1.0,0.9,1.0,0.9,0,210.0,0.9545,183.0,0.8318,1.0,0.893,0.9428571428571428,0.9428571428571428,0.96,0.78
258,1.0,0.8,0.9,0.8,1.0,0.8,0.9,0.9,1.0,0.9,0,0.9,0.8,0.8,0.7,0.8,0.7,0.9,0.9,1.0,1.0,0,197.0,0.8955,182.0,0.8272999999999999,1.0,0.861,0.8857142857142857,0.9285714285714286,0.9,0.78
259,1.0,1.0,1.0,1.0,1.0,0.8,0.9,0.9,0.9,0.9,0,0.9,0.8,0.7,0.7,0.7,0.6,0.8,0.9,1.0,0.9,0,211.0,0.9591,170.0,0.7727,1.0,0.866,0.8714285714285714,0.8857142857142857,1.0,0.72
260,0.9,1.0,1.0,1.0,1.0,0.9,0.9,1.0,1.0,0.9,0,0.7,0.9,0.6,0.8,0.8,0.7,0.9,0.9,1.0,1.0,0,212.0,0.9635999999999999,174.0,0.7908999999999999,1.0,0.877,0.9285714285714286,0.9428571428571428,0.98,0.72
261,1.0,0.9,1.0,0.9,1.0,0.9,1.0,0.9,0.9,0.9,0,0.7,0.9,0.8,0.8,0.7,0.7,0.9,0.9,0.9,0.9,0,209.0,0.95,174.0,0.7908999999999999,1.0,0.8699999999999999,0.9285714285714286,0.9,0.96,0.74
262,0.9,1.0,0.9,1.0,1.0,0.9,0.8,0.9,1.0,0.8,0,1.0,0.9,0.8,0.8,0.9,0.7,0.9,0.9,0.9,0.9,0,205.0,0.9318,189.0,0.8591,1.0,0.8949999999999999,0.8714285714285714,0.9,0.96,0.84
263,1.0,1.0,1.0,1.0,1.0,0.9,0.8,0.9,0.9,1.0,0,0.9,0.7,0.7,0.7,0.6,0.5,0.7,0.8,0.9,0.8,0,212.0,0.9635999999999999,157.0,0.7136,1.0,0.8390000000000001,0.8857142857142857,0.7857142857142857,1.0,0.68
264,0.9,0.9,0.9,0.9,0.9,0.9,0.8,0.9,0.9,0.9,0,0.6,0.7,0.6,0.5,0.4,0.5,0.8,0.8,0.9,0.9,0,196.0,0.8909,136.0,0.6182000000000001,1.0,0.755,0.8714285714285714,0.8285714285714286,0.9,0.52
265,1.0,0.9,0.9,0.8,1.0,0.8,0.8,1.0,1.0,0.9,0,0.6,0.7,0.5,0.6,0.6,0.6,0.8,0.8,1.0,0.9,0,199.0,0.9045,147.0,0.6682,1.0,0.786,0.8714285714285714,0.8571428571428571,0.92,0.58
266,0.8,0.8,0.8,0.7,0.9,0.7,0.8,1.0,0.9,0.7,0,0.0,0.7,0.4,0.0,0.0,0.4,0.0,0.7,0.9,0.9,0,176.0,0.8,65.0,0.2955,0.75,0.0,0.8,0.5857142857142857,0.8,0.16
267,1.0,1.0,1.0,0.9,1.0,0.9,0.8,1.0,1.0,0.9,0,0.8,0.8,0.6,0.7,0.9,0.8,0.9,0.9,0.9,1.0,0,210.0,0.9545,177.0,0.8045,1.0,0.8800000000000001,0.9,0.9,0.98,0.76
268,1.0,0.9,1.0,1.0,1.0,0.8,0.9,0.9,0.9,1.0,0,1.0,0.9,0.5,0.5,0.4,0.6,0.8,0.7,1.0,0.9,0,209.0,0.95,151.0,0.6864,1.0,0.818,0.8857142857142857,0.8714285714285714,0.98,0.6
269,1.0,1.0,0.9,1.0,1.0,1.0,0.8,0.9,1.0,0.9,0,0.9,0.9,0.7,0.6,0.8,0.6,0.9,0.8,0.9,0.9,0,211.0,0.9591,170.0,0.7727,1.0,0.866,0.9142857142857143,0.8857142857142857,0.98,0.72
270,1.0,1.0,1.0,1.0,0.9,0.8,0.7,0.9,0.9,0.8,0,0.7,0.5,0.8,0.6,0.4,0.6,0.7,0.9,0.8,1.0,0,203.0,0.9227000000000001,147.0,0.6682,1.0,0.795,0.8,0.7714285714285715,0.98,0.62
271,1.0,1.0,1.0,1.0,1.0,0.8,0.9,0.9,1.0,0.9,0,0.9,0.8,0.7,0.7,0.8,0.6,0.7,0.8,0.8,0.9,0,212.0,0.9635999999999999,166.0,0.7545,1.0,0.859,0.8857142857142857,0.7857142857142857,1.0,0.74
272,0.9,0.9,0.9,1.0,1.0,0.9,0.8,1.0,1.0,1.0,0,0.9,1.0,0.6,0.7,0.6,0.7,0.7,0.9,0.9,0.9,0,205.0,0.9318,165.0,0.75,1.0,0.841,0.9142857142857143,0.8571428571428571,0.94,0.7
273,1.0,1.0,1.0,0.9,1.0,0.9,0.8,0.9,1.0,0.9,0,0.9,0.7,0.5,0.6,0.7,0.4,0.8,0.8,0.9,0.9,0,209.0,0.95,151.0,0.6864,1.0,0.818,0.8857142857142857,0.8285714285714286,0.98,0.62
274,0.8,0.9,0.9,0.8,1.0,0.8,1.0,1.0,1.0,1.0,0,0.9,0.8,0.6,0.6,0.6,0.7,0.8,0.8,1.0,1.0,0,198.0,0.9,164.0,0.7455,1.0,0.8230000000000001,0.9428571428571428,0.8857142857142857,0.88,0.68
275,1.0,1.0,1.0,1.0,1.0,1.0,1.0,1.0,1.0,1.0,0,1.0,0.9,0.7,0.8,0.9,0.7,0.9,1.0,1.0,1.0,0,220.0,1.0,190.0,0.8635999999999999,1.0,0.932,1.0,0.9571428571428572,1.0,0.82
276,1.0,0.9,1.0,1.0,1.0,0.9,0.8,0.9,1.0,0.9,0,0.4,0.7,0.7,0.7,0.6,0.7,0.9,1.0,0.9,1.0,0,209.0,0.95,156.0,0.7091000000000001,1.0,0.8300000000000001,0.8857142857142857,0.9,0.98,0.62
277,1.0,1.0,1.0,1.0,1.0,0.8,0.9,0.9,0.9,0.9,0,0.4,0.7,0.4,0.7,0.6,0.6,0.6,0.8,1.0,0.8,0,211.0,0.9591,136.0,0.6182000000000001,1.0,0.7889999999999999,0.8714285714285714,0.7857142857142857,1.0,0.54
278,1.0,1.0,1.0,1.0,1.0,0.8,0.9,1.0,0.9,0.9,0,1.0,0.9,0.7,0.6,0.8,0.7,1.0,1.0,1.0,0.9,0,212.0,0.9635999999999999,182.0,0.8272999999999999,1.0,0.8949999999999999,0.8857142857142857,0.9714285714285714,1.0,0.76
279,1.0,1.0,0.9,1.0,1.0,0.9,0.9,1.0,1.0,0.9,0,1.0,0.8,0.9,0.7,0.9,0.7,0.9,1.0,0.9,0.9,0,212.0,0.9635999999999999,189.0,0.8591,1.0,0.9109999999999999,0.9285714285714286,0.9,0.98,0.84
280,1.0,0.9,1.0,1.0,1.0,0.8,0.8,0.9,1.0,1.0,0,0.8,0.8,0.7,0.6,0.6,0.7,0.9,0.8,1.0,0.9,0,208.0,0.9455,165.0,0.75,1.0,0.8480000000000001,0.8714285714285714,0.9,0.98,0.68
281,1.0,0.9,1.0,1.0,1.0,0.8,0.7,0.9,1.0,0.9,0,0.8,0.9,0.7,0.4,0.7,0.4,0.7,0.8,1.0,1.0,0,205.0,0.9318,151.0,0.6864,1.0,0.8089999999999999,0.8285714285714286,0.8714285714285714,0.98,0.6
282,1.0,1.0,1.0,0.9,1.0,0.9,0.7,1.0,0.9,0.9,0,0.7,0.7,0.5,0.4,0.4,0.4,0.5,0.8,0.9,0.8,0,207.0,0.9409000000000001,123.0,0.5591,1.0,0.75,0.8571428571428571,0.7285714285714285,0.98,0.48
283,1.0,1.0,1.0,1.0,1.0,0.9,0.9,1.0,1.0,0.9,0,1.0,0.8,0.9,0.8,0.8,0.7,0.8,0.9,1.0,0.9,0,215.0,0.9773,188.0,0.8545,1.0,0.916,0.9285714285714286,0.8857142857142857,1.0,0.84
284,0.8,1.0,1.0,0.9,1.0,0.9,1.0,1.0,1.0,0.9,0,0.6,0.6,0.5,0.4,0.6,0.6,0.9,0.7,0.8,1.0,0,208.0,0.9455,138.0,0.6273,1.0,0.786,0.9571428571428572,0.8142857142857143,0.94,0.54
285,1.0,1.0,1.0,1.0,1.0,0.8,1.0,0.9,1.0,1.0,0,1.0,0.9,0.8,0.9,0.9,0.6,1.0,0.8,1.0,1.0,0,215.0,0.9773,193.0,0.8773,1.0,0.9269999999999999,0.9285714285714286,0.9571428571428572,1.0,0.84
286,1.0,1.0,1.0,0.9,1.0,0.9,0.8,0.9,1.0,0.9,0,0.9,0.9,0.7,0.9,0.8,0.9,0.9,1.0,0.9,0.9,0,209.0,0.95,190.0,0.8635999999999999,1.0,0.907,0.8857142857142857,0.9142857142857143,0.98,0.84
287,0.7,0.7,0.8,0.8,0.9,0.6,0.7,0.9,0.9,0.7,0,0.0,0.6,0.0,0.4,0.5,0.0,0.0,0.7,0.9,0.9,0,168.0,0.7636000000000001,67.0,0.3045,0.75,0.0,0.7285714285714285,0.5714285714285714,0.78,0.18
288,0.9,0.9,1.0,1.0,1.0,0.7,0.8,0.9,0.9,0.7,0,0.6,0.6,0.0,0.4,0.5,0.4,0.0,0.6,0.9,0.7,0,199.0,0.9045,94.0,0.42729999999999996,0.8863636363636364,0.0,0.7857142857142857,0.5285714285714286,0.96,0.38
289,1.0,0.9,1.0,0.9,1.0,0.8,0.9,1.0,1.0,0.9,0,0.8,0.8,0.7,0.7,0.9,0.8,0.9,0.9,0.9,0.9,0,207.0,0.9409000000000001,179.0,0.8135999999999999,1.0,0.877,0.9,0.8857142857142857,0.96,0.78
290,1.0,1.0,1.0,0.8,1.0,0.7,0.9,1.0,0.9,0.9,0,0.8,0.7,0.8,0.7,0.7,0.7,0.7,0.7,0.9,0.9,0,204.0,0.9273,166.0,0.7545,1.0,0.841,0.8571428571428571,0.7857142857142857,0.96,0.74
291,1.0,1.0,1.0,1.0,1.0,0.9,0.9,0.9,0.9,0.9,0,0.9,0.8,0.8,0.7,0.7,0.7,0.8,0.9,1.0,0.9,0,213.0,0.9682000000000001,176.0,0.8,1.0,0.884,0.9,0.8857142857142857,1.0,0.76
292,1.0,1.0,1.0,0.9,1.0,0.8,0.8,1.0,1.0,0.9,0,0.7,0.9,0.5,0.6,0.8,0.7,0.7,0.8,0.9,1.0,0,208.0,0.9455,158.0,0.7182000000000001,1.0,0.8320000000000001,0.8714285714285714,0.8428571428571429,0.98,0.66
293,1.0,1.0,1.0,1.0,1.0,0.7,0.9,0.9,1.0,0.9,0,0.9,0.9,0.6,0.6,0.9,0.8,1.0,0.9,1.0,1.0,0,210.0,0.9545,182.0,0.8272999999999999,1.0,0.891,0.8571428571428571,0.9714285714285714,1.0,0.76
294,1.0,1.0,1.0,1.0,0.9,0.9,1.0,1.0,1.0,1.0,0,0.9,1.0,0.7,0.6,0.9,0.8,1.0,1.0,1.0,0.9,0,215.0,0.9773,186.0,0.8455,1.0,0.9109999999999999,0.9714285714285714,0.9857142857142858,0.98,0.78
295,1.0,1.0,1.0,0.8,1.0,0.9,0.7,0.9,0.8,0.7,0,0.9,0.8,0.7,0.7,0.9,0.9,0.9,0.9,0.9,0.9,0,200.0,0.9090999999999999,185.0,0.8409000000000001,1.0,0.875,0.8,0.8857142857142857,0.96,0.82
296,1.0,0.9,1.0,0.9,1.0,0.9,0.8,0.9,1.0,0.9,0,0.7,0.7,0.6,0.5,0.4,0.5,0.7,0.9,0.9,0.9,0,206.0,0.9364000000000001,138.0,0.6273,1.0,0.782,0.8857142857142857,0.8142857142857143,0.96,0.54
297,1.0,1.0,1.0,0.9,1.0,0.8,1.0,0.9,1.0,0.9,0,1.0,1.0,0.8,0.9,0.9,0.9,0.9,1.0,1.0,1.0,0,211.0,0.9591,203.0,0.9227000000000001,1.0,0.9410000000000001,0.9142857142857143,0.9714285714285714,0.98,0.9
298,1.0,0.9,1.0,0.9,1.0,0.8,0.8,1.0,0.9,0.9,0,0.7,0.7,0.6,0.6,0.4,0.6,0.7,0.8,0.9,0.8,0,204.0,0.9273,142.0,0.6455,1.0,0.786,0.8571428571428571,0.7857142857142857,0.96,0.58
299,0.9,0.7,0.9,0.7,1.0,0.5,0.5,0.8,0.7,0.6,0,0.0,0.7,0.5,0.7,0.4,0.8,0.6,0.0,0.8,0.7,0,167.0,0.7591,114.0,0.5182,0.9090909090909091,0.0,0.5857142857142857,0.6,0.84,0.48
300,1.0,1.0,1.0,0.9,1.0,0.7,0.8,0.9,1.0,0.7,0,0.9,0.7,0.6,0.7,0.6,0.4,0.7,0.8,1.0,0.8,0,203.0,0.9227000000000001,153.0,0.6955,1.0,0.8089999999999999,0.8,0.8142857142857143,0.98,0.64
301,1.0,1.0,1.0,1.0,1.0,0.9,1.0,0.9,0.9,1.0,0,0.9,0.8,0.8,0.5,0.7,0.7,0.9,0.9,0.9,0.9,0,216.0,0.9818,170.0,0.7727,1.0,0.877,0.9428571428571428,0.8857142857142857,1.0,0.72
302,1.0,1.0,1.0,0.9,1.0,0.9,0.8,0.9,0.9,0.9,0,0.9,0.9,0.6,0.7,0.6,0.8,0.9,0.9,0.9,0.9,0,208.0,0.9455,171.0,0.7773,1.0,0.861,0.8714285714285714,0.9,0.98,0.72
303,1.0,1.0,1.0,0.8,1.0,0.9,0.8,0.9,0.9,1.0,0,0.6,0.7,0.7,0.7,0.8,0.6,0.8,0.7,1.0,0.8,0,206.0,0.9364000000000001,160.0,0.7273,1.0,0.8320000000000001,0.8857142857142857,0.8285714285714286,0.96,0.68
304,1.0,1.0,1.0,1.0,1.0,0.7,0.9,1.0,0.9,1.0,0,0.7,0.7,0.0,0.0,0.6,0.4,0.7,0.6,0.9,0.8,0,211.0,0.9591,104.0,0.4727,0.8636363636363636,0.0,0.8714285714285714,0.7571428571428571,1.0,0.34
305,1.0,1.0,1.0,0.9,1.0,0.9,0.8,1.0,0.9,0.9,0,0.7,0.7,0.5,0.6,0.6,0.6,0.0,0.8,0.9,0.9,0,209.0,0.95,132.0,0.6,0.9545454545454546,0.0,0.8857142857142857,0.6,0.98,0.6
306,0.9,1.0,0.9,0.8,1.0,0.7,0.7,0.9,0.9,0.9,0,0.0,0.7,0.0,0.0,0.0,0.0,0.0,0.6,1.0,0.7,0,193.0,0.8773,40.0,0.18180000000000002,0.6136363636363636,0.0,0.7857142857142857,0.5714285714285714,0.92,0.0
307,1.0,1.0,1.0,0.9,1.0,0.8,0.9,1.0,1.0,0.9,0,0.8,0.8,0.7,0.6,0.7,0.6,0.7,0.8,1.0,1.0,0,210.0,0.9545,162.0,0.7363999999999999,1.0,0.845,0.9,0.8571428571428571,0.98,0.68
308,1.0,1.0,1.0,1.0,1.0,0.9,0.9,0.9,1.0,0.9,0,0.8,0.8,0.6,0.7,0.6,0.6,0.9,0.9,1.0,1.0,0,214.0,0.9727,164.0,0.7455,1.0,0.859,0.9142857142857143,0.9285714285714286,1.0,0.66
309,0.9,1.0,0.9,1.0,1.0,0.9,0.7,0.9,0.9,0.9,0,0.9,0.8,0.7,0.6,0.7,0.5,0.9,0.8,0.9,0.8,0,203.0,0.9227000000000001,162.0,0.7363999999999999,1.0,0.8300000000000001,0.8428571428571429,0.8571428571428571,0.96,0.68
310,1.0,1.0,1.0,1.0,1.0,0.9,0.9,0.9,0.9,0.9,0,1.0,0.9,0.8,0.7,0.9,0.9,1.0,1.0,1.0,0.9,0,213.0,0.9682000000000001,197.0,0.8955,1.0,0.932,0.9,0.9714285714285714,1.0,0.86
311,1.0,1.0,1.0,0.9,1.0,0.8,0.9,0.9,0.9,0.9,0,0.8,0.7,0.5,0.7,0.5,0.5,0.0,0.9,0.9,0.9,0,208.0,0.9455,133.0,0.6045,0.9545454545454546,0.0,0.8714285714285714,0.6142857142857143,0.98,0.6
312,1.0,1.0,1.0,1.0,1.0,0.9,0.8,1.0,0.9,0.8,0,0.7,0.7,0.6,0.5,0.6,0.4,0.7,0.6,0.8,0.9,0,211.0,0.9591,136.0,0.6182000000000001,1.0,0.7889999999999999,0.8714285714285714,0.7428571428571429,1.0,0.56
313,1.0,1.0,1.0,1.0,1.0,0.9,0.9,0.9,0.9,0.9,0,0.8,0.6,0.4,0.6,0.6,0.6,0.9,0.8,1.0,0.8,0,213.0,0.9682000000000001,150.0,0.6818,1.0,0.825,0.9,0.8571428571428571,1.0,0.6
314,0.8,0.9,1.0,0.9,1.0,0.9,0.6,0.9,0.9,0.8,0,0.8,0.8,0.6,0.6,0.7,0.6,0.9,0.9,0.9,0.9,0,194.0,0.8817999999999999,161.0,0.7318,1.0,0.807,0.8,0.8857142857142857,0.92,0.66
315,1.0,1.0,1.0,1.0,1.0,0.8,1.0,1.0,1.0,1.0,0,0.9,1.0,0.8,0.8,1.0,0.9,1.0,0.9,1.0,1.0,0,216.0,0.9818,201.0,0.9136,1.0,0.9480000000000001,0.9428571428571428,0.9857142857142858,1.0,0.88
316,1.0,0.9,1.0,0.7,1.0,0.9,0.9,0.9,0.9,1.0,0,0.7,0.8,0.7,0.7,0.7,0.5,0.7,0.0,1.0,0.7,0,202.0,0.9182,148.0,0.6727000000000001,0.9772727272727273,0.0,0.9142857142857143,0.7,0.92,0.66
317,1.0,1.0,0.9,0.9,1.0,0.9,1.0,1.0,0.9,0.9,0,0.9,0.9,0.7,0.7,0.7,0.6,0.9,1.0,0.9,0.9,0,210.0,0.9545,172.0,0.7817999999999999,1.0,0.868,0.9428571428571428,0.9142857142857143,0.96,0.72
318,1.0,1.0,1.0,1.0,1.0,0.9,0.9,1.0,0.9,0.9,0,1.0,1.0,0.9,0.7,0.8,0.8,0.7,0.9,0.9,1.0,0,214.0,0.9727,187.0,0.85,1.0,0.9109999999999999,0.9142857142857143,0.8714285714285714,1.0,0.84
319,0.9,1.0,1.0,0.9,1.0,0.9,0.8,1.0,1.0,0.9,0,0.9,0.8,0.4,0.5,0.7,0.6,0.8,0.8,0.9,0.9,0,207.0,0.9409000000000001,152.0,0.6909,1.0,0.8160000000000001,0.9,0.8428571428571429,0.96,0.62
320,1.0,1.0,1.0,0.9,1.0,0.9,0.8,0.9,0.9,0.8,0,0.7,0.9,0.7,0.6,0.9,0.7,1.0,0.9,0.9,0.9,0,207.0,0.9409000000000001,173.0,0.7864,1.0,0.8640000000000001,0.8571428571428571,0.9285714285714286,0.98,0.72
321,1.0,1.0,1.0,1.0,1.0,1.0,0.9,0.9,1.0,1.0,0,1.0,0.9,0.9,0.8,0.8,0.9,0.8,0.9,0.9,0.9,0,217.0,0.9864,193.0,0.8773,1.0,0.932,0.9571428571428572,0.8714285714285714,1.0,0.88
322,0.9,1.0,1.0,0.9,1.0,0.9,0.9,0.9,0.9,0.9,0,0.8,1.0,0.9,1.0,0.9,0.9,1.0,0.9,0.9,1.0,0,207.0,0.9409000000000001,202.0,0.9182,1.0,0.93,0.9,0.9571428571428572,0.96,0.9
323,1.0,1.0,1.0,0.9,1.0,0.8,0.9,1.0,1.0,0.9,0,1.0,0.9,0.6,0.7,0.7,0.8,0.9,1.0,1.0,0.9,0,210.0,0.9545,180.0,0.8182,1.0,0.8859999999999999,0.9,0.9428571428571428,0.98,0.76
324,1.0,1.0,1.0,0.9,1.0,0.9,0.8,0.9,1.0,0.9,0,1.0,1.0,0.7,0.8,0.8,0.8,0.9,0.9,1.0,1.0,0,209.0,0.95,190.0,0.8635999999999999,1.0,0.907,0.8857142857142857,0.9571428571428572,0.98,0.82
325,1.0,1.0,1.0,1.0,1.0,0.8,0.9,1.0,1.0,0.9,0,0.7,0.7,0.6,0.6,0.8,0.8,0.9,0.9,0.9,1.0,0,213.0,0.9682000000000001,167.0,0.7591,1.0,0.8640000000000001,0.9,0.8857142857142857,1.0,0.7
326,0.9,1.0,0.8,0.8,1.0,0.9,0.8,0.9,0.9,0.9,0,0.7,0.7,0.7,0.7,0.7,0.6,0.9,0.9,0.9,1.0,0,196.0,0.8909,164.0,0.7455,1.0,0.818,0.8714285714285714,0.8857142857142857,0.9,0.68
327,1.0,1.0,1.0,1.0,1.0,0.6,0.7,0.9,1.0,0.9,0,1.0,0.9,0.6,0.7,0.8,0.7,0.7,0.9,0.9,0.8,0,204.0,0.9273,172.0,0.7817999999999999,1.0,0.8550000000000001,0.7714285714285715,0.8285714285714286,1.0,0.76
328,1.0,1.0,1.0,1.0,1.0,0.9,1.0,0.9,0.9,0.9,0,0.9,0.7,0.8,0.8,0.8,0.7,0.9,0.9,1.0,1.0,0,215.0,0.9773,184.0,0.8364,1.0,0.907,0.9285714285714286,0.9142857142857143,1.0,0.8
329,1.0,1.0,0.9,1.0,1.0,0.9,0.9,0.9,0.9,0.9,0,1.0,0.9,0.6,0.7,0.8,0.8,0.9,0.8,1.0,0.9,0,210.0,0.9545,181.0,0.8227,1.0,0.889,0.9,0.9142857142857143,0.98,0.78
330,0.9,1.0,0.8,0.8,1.0,0.9,0.8,0.9,0.9,0.9,0,0.0,0.8,0.0,0.0,0.0,0.0,0.7,0.7,0.9,1.0,0,196.0,0.8909,57.0,0.2591,0.6590909090909091,0.0,0.8714285714285714,0.8142857142857143,0.9,0.0
331,1.0,1.0,1.0,0.9,1.0,0.9,1.0,1.0,1.0,0.9,0,1.0,0.9,0.7,0.7,0.9,0.8,1.0,0.9,0.9,1.0,0,214.0,0.9727,189.0,0.8591,1.0,0.916,0.9571428571428572,0.9428571428571428,0.98,0.82
332,1.0,1.0,1.0,0.9,1.0,0.9,0.8,0.9,0.9,0.9,0,0.6,0.7,0.7,0.7,0.5,0.7,0.7,0.8,0.9,0.8,0,208.0,0.9455,151.0,0.6864,1.0,0.8160000000000001,0.8714285714285714,0.7857142857142857,0.98,0.64
