,ELECTRONIC CIRCUITS,DIGITAL CIRCUITS,ELECTRICAL CIRCUITS,DATA STRUCTURES,ELECTRONIC CIRCUIT LAB,DIGITAL CIRCUITS LAB,ELECTRICAL CIRCUIT LAB,DATA STRUCTURES LAB,ELECTRONIC SKILL DEVELOPMENT,AUDIT COURSE,ENGINEERING MATHEMATICS III,ENGINEERING MATHEMATICS III.1,SIGNALS & SYSTEMS,SIGNALS & SYSTEMS.1,CONTROL SYSTEMS,PRINCIPLES OF COMMU. SYSTEMS,OBJECT ORIENTED PROGRAMMING,SIGNALS & CONTROL SYSTEM LAB,PRINCIPLE OF COMMU. SYS. LAB,OOPS LAB,DATA ANALYTICS LAB,EMPLOYABILITY SKILL DEV.,PROJECT BASED LEARNING,AUDIT COURSE.1,SEM_3_GPA,SEM_3_SGPA,SEM_4_GPA,SEM_4_SGPA,TOTAL_CREDITS_EARNED,CGPA,SEM_3_INTERNAL,SEM_4_INTERNAL,SEM_3_EXTERNAL,SEM_4_EXTERNAL
0,0.9,1.0,1.0,1.0,0.4,0.9,0.9,0.9,0.8,0,1.0,0.7,0.7,1.0,0.6,0.8,0.6,0.8,0.9,0.9,1.0,0.8,0.9,0,203.0,0.9227000000000001,169.0,0.7682,1.0,0.845,0.7666666666666667,0.9142857142857143,0.98125,0.7
1,0.9,1.0,1.0,1.0,0.9,1.0,0.9,1.0,0.9,0,1.0,0.7,0.8,0.9,0.7,0.8,0.6,0.8,1.0,0.9,0.9,0.7,0.9,0,211.0,0.9591,171.0,0.7773,1.0,0.868,0.9,0.9,0.98125,0.72
2,0.9,1.0,1.0,1.0,0.6,1.0,0.9,0.7,0.9,0,1.0,0.9,0.6,0.9,0.4,0.7,0.4,0.8,0.9,0.9,0.9,0.8,0.8,0,207.0,0.9409000000000001,147.0,0.6682,1.0,0.805,0.8333333333333334,0.8571428571428571,0.98125,0.58
3,0.9,1.0,1.0,1.0,0.4,0.7,0.6,0.8,0.8,0,1.0,0.8,0.8,0.9,0.9,0.7,0.6,0.8,0.8,0.8,0.9,0.9,0.7,0,198.0,0.9,173.0,0.7864,1.0,0.843,0.6833333333333333,0.8,0.98125,0.78
4,1.0,1.0,1.0,1.0,0.6,0.8,1.0,0.9,0.9,0,1.0,1.0,0.7,1.0,0.7,0.8,0.6,0.9,0.8,0.9,0.8,0.9,0.9,0,212.0,0.9635999999999999,173.0,0.7864,1.0,0.875,0.8666666666666667,0.8857142857142857,1.0,0.74
5,1.0,1.0,1.0,1.0,0.8,0.9,1.0,1.0,1.0,0,1.0,1.0,0.7,0.9,0.8,0.9,0.6,0.8,0.9,0.9,0.9,0.9,0.9,0,217.0,0.9864,179.0,0.8135999999999999,1.0,0.9,0.95,0.8857142857142857,1.0,0.78
6,0.8,1.0,0.8,0.8,0.6,0.9,0.9,0.7,0.9,0,0.5,0.7,0.5,0.8,0.0,0.0,0.0,0.7,0.8,0.4,0.8,0.7,0.7,0,169.0,0.7682,85.0,0.38639999999999997,0.7954545454545454,0.0,0.7833333333333333,0.7,0.7625,0.24
7,1.0,1.0,1.0,1.0,0.8,0.8,1.0,0.8,0.9,0,1.0,0.8,0.8,0.9,0.8,0.8,0.6,0.9,0.9,0.9,1.0,0.9,0.9,0,211.0,0.9591,181.0,0.8227,1.0,0.891,0.85,0.9142857142857143,1.0,0.78
8,0.9,1.0,1.0,1.0,0.9,1.0,1.0,0.8,1.0,0,1.0,1.0,0.7,0.9,0.5,0.7,0.7,0.8,0.9,0.9,0.9,0.9,0.7,0,214.0,0.9727,163.0,0.7409,1.0,0.857,0.95,0.8285714285714286,0.98125,0.7
9,0.9,1.0,1.0,1.0,0.6,0.7,0.9,0.8,0.9,0,0.9,0.6,0.4,0.8,0.0,0.0,0.0,0.7,0.9,0.7,0.8,0.7,0.7,0,198.0,0.9,86.0,0.39089999999999997,0.7954545454545454,0.0,0.75,0.7571428571428571,0.95625,0.22
10,0.9,1.0,1.0,1.0,0.7,1.0,0.9,0.6,0.9,0,1.0,1.0,0.6,0.9,0.4,0.6,0.4,0.9,0.8,0.8,0.7,0.8,0.8,0,208.0,0.9455,141.0,0.6409,1.0,0.7929999999999999,0.85,0.8142857142857143,0.98125,0.56
11,0.9,1.0,1.0,1.0,0.8,0.9,1.0,0.7,0.9,0,1.0,0.9,0.6,1.0,0.8,0.8,0.6,0.9,0.9,0.7,0.9,0.9,0.9,0,209.0,0.95,173.0,0.7864,1.0,0.868,0.8666666666666667,0.8857142857142857,0.98125,0.74
12,0.9,1.0,1.0,1.0,1.0,0.8,1.0,0.6,1.0,0,1.0,1.0,0.7,0.9,0.4,0.5,0.4,0.8,0.8,0.8,0.7,0.7,0.8,0,211.0,0.9591,137.0,0.6227,1.0,0.791,0.9,0.8,0.98125,0.54
13,0.9,1.0,1.0,1.0,0.4,0.7,1.0,0.9,0.9,0,1.0,1.0,0.8,0.9,0.6,0.5,0.6,0.8,0.7,0.7,0.9,0.7,0.8,0,206.0,0.9364000000000001,152.0,0.6909,1.0,0.8140000000000001,0.8166666666666667,0.8,0.98125,0.64
14,1.0,1.0,1.0,0.9,0.9,0.9,0.9,0.9,0.9,0,1.0,1.0,0.9,0.9,0.8,0.9,0.7,0.8,0.9,0.8,0.9,0.9,0.9,0,212.0,0.9635999999999999,187.0,0.85,1.0,0.907,0.9166666666666666,0.8714285714285714,0.98125,0.84
15,0.9,1.0,1.0,1.0,0.6,0.8,0.9,0.5,0.9,0,1.0,0.9,0.6,0.9,0.6,0.6,0.4,0.8,0.8,0.8,0.8,0.8,0.8,0,203.0,0.9227000000000001,147.0,0.6682,1.0,0.795,0.7666666666666667,0.8142857142857143,0.98125,0.6
16,0.5,0.7,1.0,0.8,0.6,0.8,0.9,0.9,0.9,0,0.8,0.9,0.5,0.9,0.4,0.5,0.6,0.8,0.9,0.8,0.9,0.8,0.7,0,172.0,0.7817999999999999,141.0,0.6409,1.0,0.7110000000000001,0.8333333333333334,0.8142857142857143,0.7625,0.56
17,1.0,1.0,1.0,1.0,0.9,0.9,1.0,0.9,1.0,0,1.0,1.0,0.8,1.0,0.7,0.8,0.6,0.9,0.9,0.9,0.8,0.9,0.9,0,217.0,0.9864,177.0,0.8045,1.0,0.8949999999999999,0.95,0.9,1.0,0.76
18,0.8,1.0,1.0,0.9,0.6,0.7,1.0,0.9,0.9,0,1.0,0.9,0.8,0.9,0.6,0.8,0.6,0.8,0.9,0.7,0.7,0.8,0.7,0,201.0,0.9136,162.0,0.7363999999999999,1.0,0.825,0.8333333333333334,0.7714285714285715,0.94375,0.72
19,0.9,1.0,1.0,1.0,0.9,0.9,1.0,1.0,0.9,0,1.0,0.9,0.7,0.9,0.6,0.8,0.8,0.7,0.9,0.8,0.8,0.8,0.7,0,213.0,0.9682000000000001,166.0,0.7545,1.0,0.861,0.9333333333333333,0.7857142857142857,0.98125,0.74
20,0.9,1.0,1.0,1.0,0.7,1.0,0.8,1.0,0.9,0,1.0,0.8,0.7,0.9,0.8,0.6,0.6,0.8,0.9,0.9,0.9,0.9,0.7,0,209.0,0.95,166.0,0.7545,1.0,0.852,0.8666666666666667,0.8285714285714286,0.98125,0.72
21,0.9,1.0,1.0,1.0,0.6,0.9,1.0,0.6,1.0,0,1.0,1.0,0.6,0.9,0.6,0.6,0.5,0.9,0.7,0.8,0.8,0.8,0.8,0,208.0,0.9455,150.0,0.6818,1.0,0.8140000000000001,0.85,0.8142857142857143,0.98125,0.62
22,0.9,1.0,1.0,1.0,0.7,0.9,1.0,0.4,0.9,0,1.0,0.9,0.7,0.9,0.8,0.8,0.4,0.8,0.9,0.9,0.8,0.8,0.9,0,205.0,0.9318,166.0,0.7545,1.0,0.843,0.8,0.8714285714285714,0.98125,0.7
23,0.9,1.0,1.0,1.0,0.8,0.9,1.0,0.9,0.9,0,1.0,0.9,0.9,0.9,0.8,0.6,0.6,0.9,0.8,0.8,0.8,0.9,0.9,0,211.0,0.9591,174.0,0.7908999999999999,1.0,0.875,0.9,0.8571428571428571,0.98125,0.76
24,1.0,1.0,1.0,1.0,0.9,0.9,1.0,0.9,0.9,0,1.0,0.9,0.6,0.9,0.6,0.7,0.6,0.8,0.8,0.8,0.8,0.8,0.8,0,215.0,0.9773,156.0,0.7091000000000001,1.0,0.843,0.9166666666666666,0.8142857142857143,1.0,0.66
25,1.0,1.0,1.0,1.0,0.6,0.9,1.0,0.9,1.0,0,1.0,1.0,0.8,1.0,0.8,0.9,0.6,0.9,0.9,0.8,0.9,0.9,0.9,0,214.0,0.9727,183.0,0.8318,1.0,0.9019999999999999,0.9,0.9,1.0,0.8
26,0.9,1.0,1.0,0.9,0.7,0.8,1.0,0.8,1.0,0,1.0,0.9,0.8,1.0,0.6,0.4,0.6,0.9,0.9,0.8,0.8,0.9,0.7,0,206.0,0.9364000000000001,157.0,0.7136,1.0,0.825,0.8666666666666667,0.8285714285714286,0.9625,0.66
27,0.9,1.0,1.0,0.8,0.9,0.9,0.9,0.9,0.9,0,1.0,0.9,0.5,0.9,0.6,0.7,0.7,0.8,0.8,0.9,0.9,0.8,0.7,0,205.0,0.9318,156.0,0.7091000000000001,1.0,0.82,0.9,0.8142857142857143,0.94375,0.66
28,0.9,1.0,1.0,1.0,0.8,0.9,1.0,0.9,0.9,0,1.0,0.9,0.6,0.9,0.5,0.6,0.8,0.8,0.7,0.7,0.7,0.4,0.7,0,211.0,0.9591,139.0,0.6317999999999999,1.0,0.795,0.9,0.7428571428571429,0.98125,0.58
29,0.8,1.0,1.0,1.0,0.4,0.8,0.8,0.9,0.9,0,1.0,0.9,0.0,0.9,0.0,0.0,0.0,0.8,0.8,0.6,0.7,0.6,0.7,0,201.0,0.9136,70.0,0.3182,0.7272727272727273,0.0,0.7833333333333333,0.7428571428571429,0.9625,0.12
30,0.8,1.0,1.0,1.0,0.7,0.8,1.0,0.7,0.9,0,1.0,1.0,0.6,0.9,0.5,0.7,0.4,0.7,0.7,0.7,0.6,0.7,0.7,0,205.0,0.9318,137.0,0.6227,1.0,0.7769999999999999,0.85,0.7142857142857143,0.9625,0.58
31,0.9,1.0,1.0,0.9,1.0,0.9,0.7,0.8,0.7,0,1.0,0.6,0.4,0.8,0.0,0.0,0.6,0.6,0.7,0.6,0.9,0.5,0.8,0,201.0,0.9136,97.0,0.44089999999999996,0.8636363636363636,0.0,0.7833333333333333,0.7428571428571429,0.9625,0.3
32,1.0,1.0,1.0,1.0,0.7,0.9,1.0,0.9,1.0,0,1.0,1.0,0.7,0.9,0.9,0.9,0.6,0.9,0.8,0.8,0.8,0.9,0.8,0,215.0,0.9773,178.0,0.8090999999999999,1.0,0.893,0.9166666666666666,0.8285714285714286,1.0,0.8
33,0.9,1.0,1.0,0.9,0.9,0.9,1.0,0.9,0.9,0,1.0,0.9,0.7,0.8,0.6,0.7,0.5,0.7,0.8,0.9,0.9,0.7,0.8,0,209.0,0.95,153.0,0.6955,1.0,0.8230000000000001,0.9166666666666666,0.8142857142857143,0.9625,0.64
34,0.8,1.0,1.0,1.0,0.4,0.8,0.8,0.9,0.9,0,1.0,0.9,0.5,0.9,0.6,0.7,0.5,0.6,0.9,0.9,0.8,0.6,0.7,0,201.0,0.9136,142.0,0.6455,1.0,0.78,0.7833333333333333,0.7857142857142857,0.9625,0.58
35,1.0,1.0,1.0,1.0,0.8,0.9,1.0,0.9,0.9,0,1.0,1.0,0.7,0.9,0.7,0.7,0.6,0.9,0.9,0.7,0.9,0.9,0.9,0,215.0,0.9773,169.0,0.7682,1.0,0.873,0.9166666666666666,0.8714285714285714,1.0,0.72
36,0.8,1.0,1.0,1.0,0.9,0.9,0.9,0.8,0.9,0,1.0,0.9,0.6,0.9,0.6,0.8,0.4,0.7,0.9,0.5,0.9,0.7,0.8,0,207.0,0.9409000000000001,148.0,0.6727000000000001,1.0,0.807,0.8833333333333333,0.7857142857142857,0.9625,0.62
37,0.9,1.0,1.0,1.0,0.8,0.9,1.0,0.7,1.0,0,1.0,0.9,0.7,0.8,0.5,0.7,0.7,0.7,0.8,0.8,0.9,0.7,0.7,0,210.0,0.9545,153.0,0.6955,1.0,0.825,0.8833333333333333,0.7714285714285715,0.98125,0.66
38,0.7,0.6,0.6,0.6,0.8,0.9,0.9,0.6,0.7,0,0.9,0.6,0.4,0.9,0.0,0.0,0.4,0.7,0.9,0.5,0.7,0.6,0.7,0,156.0,0.7091000000000001,93.0,0.4227,0.8636363636363636,0.0,0.75,0.7285714285714285,0.69375,0.28
39,0.9,1.0,1.0,1.0,0.8,0.9,1.0,0.7,0.9,0,1.0,1.0,0.8,1.0,0.5,0.6,0.7,0.9,0.9,0.7,0.7,0.9,0.8,0,210.0,0.9545,163.0,0.7409,1.0,0.8480000000000001,0.8833333333333333,0.8285714285714286,0.98125,0.7
40,0.9,1.0,1.0,1.0,0.6,0.8,0.9,0.9,0.9,0,1.0,1.0,0.9,1.0,0.9,0.9,0.6,0.8,0.9,0.7,0.8,1.0,0.9,0,208.0,0.9455,189.0,0.8591,1.0,0.9019999999999999,0.85,0.8571428571428571,0.98125,0.86
41,1.0,1.0,1.0,0.9,0.7,0.9,1.0,0.8,0.9,0,0.9,1.0,0.8,0.9,0.9,0.8,0.7,0.9,0.9,0.8,0.7,0.8,0.8,0,206.0,0.9364000000000001,178.0,0.8090999999999999,1.0,0.873,0.8833333333333333,0.8285714285714286,0.95625,0.8
42,0.9,1.0,1.0,1.0,0.6,0.7,1.0,0.6,0.9,0,1.0,0.9,0.5,0.9,0.0,0.7,0.4,0.8,0.9,0.7,0.7,0.7,0.7,0,204.0,0.9273,123.0,0.5591,0.9318181818181818,0.0,0.7833333333333333,0.7714285714285715,0.98125,0.46
43,0.9,1.0,1.0,1.0,0.8,0.9,0.9,0.7,0.9,0,1.0,0.9,0.8,0.9,0.7,0.8,0.4,0.8,0.8,0.8,0.8,0.7,0.7,0,208.0,0.9455,157.0,0.7136,1.0,0.8300000000000001,0.85,0.7857142857142857,0.98125,0.68
44,0.7,0.9,1.0,0.8,0.7,0.9,0.9,0.8,0.9,0,0.8,0.8,0.4,0.9,0.0,0.6,0.4,0.7,0.8,0.7,0.8,0.7,0.8,0,184.0,0.8364,118.0,0.5364,0.9318181818181818,0.0,0.8333333333333334,0.7857142857142857,0.8375,0.42
45,0.7,1.0,0.8,0.8,0.6,0.7,0.9,0.9,0.9,0,0.8,0.7,0.0,0.8,0.0,0.5,0.0,0.7,0.9,0.5,0.7,0.6,0.7,0,178.0,0.8090999999999999,83.0,0.3773,0.7954545454545454,0.0,0.7833333333333333,0.7142857142857143,0.81875,0.22
46,1.0,1.0,1.0,1.0,0.8,0.7,1.0,0.9,0.9,0,1.0,0.9,0.6,0.9,0.6,0.6,0.7,0.8,0.8,0.7,0.9,0.8,0.8,0,212.0,0.9635999999999999,156.0,0.7091000000000001,1.0,0.836,0.8666666666666667,0.8142857142857143,1.0,0.66
47,0.8,1.0,0.9,0.9,0.6,0.9,1.0,0.7,0.7,0,1.0,0.6,0.5,0.9,0.0,0.0,0.6,0.7,0.8,0.8,0.4,0.6,0.8,0,193.0,0.8773,103.0,0.46820000000000006,0.8636363636363636,0.0,0.75,0.7428571428571429,0.925,0.34
48,1.0,1.0,1.0,1.0,0.9,1.0,1.0,0.8,1.0,0,1.0,0.9,0.8,1.0,0.8,0.8,0.7,0.9,0.9,0.9,1.0,0.8,0.7,0,216.0,0.9818,178.0,0.8090999999999999,1.0,0.8949999999999999,0.9333333333333333,0.8714285714285714,1.0,0.78
49,1.0,1.0,1.0,0.9,0.5,0.8,0.5,0.8,0.9,0,1.0,0.7,0.8,0.8,0.5,0.0,0.6,0.6,0.8,0.8,0.7,0.4,0.7,0,199.0,0.9045,120.0,0.5455,0.9318181818181818,0.0,0.7,0.7285714285714285,0.98125,0.46
50,1.0,1.0,1.0,1.0,0.7,1.0,0.9,0.9,0.9,0,1.0,0.9,0.8,0.9,0.6,0.7,0.8,0.8,0.8,1.0,0.8,0.8,0.7,0,213.0,0.9682000000000001,168.0,0.7636000000000001,1.0,0.866,0.8833333333333333,0.8142857142857143,1.0,0.74
51,0.8,1.0,1.0,1.0,0.9,0.8,0.9,0.9,0.9,0,1.0,1.0,0.7,0.9,0.7,0.5,0.6,0.8,0.9,0.9,1.0,0.8,0.8,0,208.0,0.9455,160.0,0.7273,1.0,0.836,0.9,0.8714285714285714,0.9625,0.66
52,0.9,1.0,1.0,1.0,0.7,0.9,1.0,0.6,0.8,0,0.9,0.8,0.6,0.8,0.5,0.6,0.4,0.6,0.9,0.6,0.9,0.8,0.7,0,201.0,0.9136,139.0,0.6317999999999999,1.0,0.773,0.8,0.7428571428571429,0.95625,0.58
53,0.9,1.0,1.0,1.0,0.8,0.9,1.0,0.6,1.0,0,1.0,1.0,0.7,0.9,0.7,0.8,0.6,0.9,0.9,0.9,0.7,0.8,0.9,0,210.0,0.9545,169.0,0.7682,1.0,0.861,0.8833333333333333,0.8714285714285714,0.98125,0.72
54,1.0,1.0,0.9,0.9,0.8,0.9,0.9,1.0,0.9,0,0.9,1.0,0.6,0.9,0.8,1.0,0.6,0.8,0.9,0.8,0.8,0.8,0.8,0,205.0,0.9318,172.0,0.7817999999999999,1.0,0.857,0.9166666666666666,0.8285714285714286,0.9375,0.76
55,1.0,1.0,1.0,1.0,0.8,0.9,1.0,0.9,1.0,0,1.0,1.0,0.8,0.8,0.7,0.6,0.7,0.7,0.8,0.6,0.7,0.6,0.7,0,216.0,0.9818,152.0,0.6909,1.0,0.836,0.9333333333333333,0.7142857142857143,1.0,0.68
56,0.9,1.0,1.0,1.0,0.9,0.8,1.0,0.9,1.0,0,1.0,1.0,0.6,0.9,0.5,0.5,0.4,0.8,0.8,0.8,0.8,0.6,0.8,0,213.0,0.9682000000000001,135.0,0.6136,1.0,0.791,0.9333333333333333,0.8142857142857143,0.98125,0.52
57,1.0,1.0,1.0,1.0,0.8,0.9,1.0,0.9,0.9,0,1.0,1.0,0.9,0.9,0.8,0.8,0.6,0.9,0.9,0.9,0.9,0.9,0.9,0,215.0,0.9773,183.0,0.8318,1.0,0.905,0.9166666666666666,0.9,1.0,0.8
58,0.9,1.0,1.0,0.9,0.4,0.9,0.9,0.9,0.9,0,1.0,1.0,0.8,0.9,0.6,0.7,0.5,0.8,0.9,0.7,0.7,0.8,0.9,0,204.0,0.9273,160.0,0.7273,1.0,0.827,0.8333333333333334,0.8285714285714286,0.9625,0.68
59,0.6,0.9,1.0,0.7,0.4,0.7,0.7,0.0,0.6,0,0.0,0.4,0.8,0.8,0.7,0.8,0.8,0.7,0.8,0.0,0.0,0.4,0.6,0,124.0,0.5636,140.0,0.6364,0.8409090909090909,0.0,0.4666666666666667,0.5,0.6,0.7
60,1.0,1.0,1.0,1.0,0.7,0.9,1.0,0.6,0.9,0,1.0,1.0,0.6,0.9,0.6,0.8,0.4,0.8,0.8,0.6,0.7,0.7,0.8,0,211.0,0.9591,147.0,0.6682,1.0,0.8140000000000001,0.85,0.7714285714285715,1.0,0.62
61,0.8,1.0,1.0,1.0,0.6,0.8,1.0,0.8,0.7,0,1.0,0.8,0.7,0.9,0.7,0.6,0.8,0.7,0.8,0.8,0.7,0.7,0.8,0,201.0,0.9136,160.0,0.7273,1.0,0.82,0.7833333333333333,0.7857142857142857,0.9625,0.7
62,0.9,0.9,1.0,0.9,1.0,1.0,1.0,1.0,1.0,0,1.0,1.0,0.9,1.0,0.8,0.8,0.6,1.0,1.0,0.8,1.0,1.0,0.9,0,211.0,0.9591,189.0,0.8591,1.0,0.909,1.0,0.9428571428571428,0.94375,0.82
63,0.9,1.0,1.0,0.9,0.6,0.8,1.0,0.5,0.9,0,1.0,1.0,0.7,0.9,0.6,0.6,0.4,0.8,0.7,0.6,0.7,0.8,0.8,0,202.0,0.9182,146.0,0.6636,1.0,0.791,0.8,0.7571428571428571,0.9625,0.62
64,1.0,1.0,1.0,1.0,0.9,0.8,1.0,0.7,0.9,0,1.0,1.0,0.8,1.0,0.7,0.7,0.6,0.9,0.9,0.8,0.9,0.8,0.7,0,213.0,0.9682000000000001,167.0,0.7591,1.0,0.8640000000000001,0.8833333333333333,0.8428571428571429,1.0,0.72
65,1.0,1.0,1.0,1.0,0.7,0.8,1.0,0.8,0.9,0,1.0,0.9,0.6,1.0,0.6,0.8,0.5,0.9,0.8,0.9,0.8,0.9,0.7,0,211.0,0.9591,160.0,0.7273,1.0,0.843,0.85,0.8285714285714286,1.0,0.68
66,1.0,1.0,0.9,0.9,0.5,0.9,1.0,1.0,1.0,0,1.0,1.0,0.9,1.0,0.7,0.8,0.7,0.9,0.9,0.9,0.9,0.9,0.9,0,208.0,0.9455,184.0,0.8364,1.0,0.891,0.9,0.9142857142857143,0.9625,0.8
67,1.0,1.0,1.0,1.0,0.8,0.9,1.0,0.8,0.9,0,1.0,1.0,0.9,0.9,0.6,0.7,0.9,0.9,0.9,0.9,0.9,0.8,0.8,0,214.0,0.9727,178.0,0.8090999999999999,1.0,0.891,0.9,0.8714285714285714,1.0,0.78
68,0.8,1.0,1.0,0.9,0.6,0.9,1.0,0.9,0.9,0,1.0,1.0,0.8,0.9,0.4,0.6,0.4,0.8,0.9,0.9,0.9,0.7,0.7,0,204.0,0.9273,145.0,0.6591,1.0,0.7929999999999999,0.8833333333333333,0.8285714285714286,0.94375,0.58
69,0.8,1.0,1.0,0.9,0.8,0.8,0.9,0.8,1.0,0,0.9,0.8,0.0,0.9,0.0,0.0,0.0,0.8,0.9,0.8,0.9,0.8,0.7,0,198.0,0.9,81.0,0.36819999999999997,0.7272727272727273,0.0,0.85,0.8142857142857143,0.91875,0.16
70,0.9,1.0,1.0,1.0,0.9,0.8,1.0,0.7,0.9,0,0.9,0.9,0.7,0.9,0.6,0.7,0.4,0.8,1.0,0.8,0.8,0.8,0.8,0,205.0,0.9318,155.0,0.7045,1.0,0.818,0.8666666666666667,0.8428571428571429,0.95625,0.64
71,0.9,1.0,1.0,0.9,0.4,0.9,1.0,0.6,0.9,0,1.0,0.9,0.8,0.9,0.8,0.8,0.6,0.8,0.8,0.7,0.9,0.6,0.7,0,201.0,0.9136,163.0,0.7409,1.0,0.827,0.7833333333333333,0.7857142857142857,0.9625,0.72
72,0.7,1.0,1.0,1.0,0.8,0.9,0.9,0.8,0.6,0,0.9,0.4,0.4,0.8,0.0,0.0,0.7,0.6,0.8,0.8,0.7,0.4,0.7,0,191.0,0.8682000000000001,96.0,0.4364,0.8636363636363636,0.0,0.7333333333333333,0.7285714285714285,0.91875,0.3
73,0.9,1.0,1.0,1.0,0.7,0.9,1.0,0.8,0.9,0,1.0,1.0,0.4,0.9,0.0,0.4,0.0,0.7,0.9,0.6,0.7,0.6,0.7,0,210.0,0.9545,94.0,0.42729999999999996,0.8636363636363636,0.0,0.8833333333333333,0.7428571428571429,0.98125,0.28
74,0.7,0.9,1.0,0.8,0.7,0.8,0.8,0.8,0.8,0,0.9,0.5,0.7,0.9,0.6,0.6,0.6,0.7,0.8,0.8,0.8,0.4,0.9,0,182.0,0.8272999999999999,145.0,0.6591,1.0,0.743,0.7333333333333333,0.8285714285714286,0.8625,0.58
75,0.9,1.0,1.0,1.0,1.0,0.9,0.9,0.4,1.0,0,1.0,0.8,0.6,0.8,0.5,0.5,0.6,0.7,0.8,0.8,0.7,0.7,0.7,0,207.0,0.9409000000000001,139.0,0.6317999999999999,1.0,0.786,0.8333333333333334,0.7428571428571429,0.98125,0.58
76,0.9,1.0,1.0,1.0,0.8,1.0,1.0,0.9,0.9,0,1.0,0.8,0.9,0.9,0.9,0.7,0.6,0.8,0.8,0.8,0.8,0.9,0.9,0,211.0,0.9591,179.0,0.8135999999999999,1.0,0.8859999999999999,0.9,0.8428571428571429,0.98125,0.8
77,1.0,1.0,1.0,1.0,0.8,0.9,1.0,0.7,0.9,0,1.0,0.9,0.8,1.0,0.8,0.7,0.8,0.9,0.9,0.9,0.9,0.9,0.9,0,212.0,0.9635999999999999,184.0,0.8364,1.0,0.9,0.8666666666666667,0.9142857142857143,1.0,0.8
78,1.0,1.0,1.0,1.0,0.8,0.8,0.9,1.0,0.9,0,0.9,0.8,0.8,0.9,0.7,0.9,0.7,0.8,0.9,0.9,1.0,0.9,0.9,0,208.0,0.9455,183.0,0.8318,1.0,0.889,0.8666666666666667,0.9,0.975,0.8
79,0.9,1.0,1.0,1.0,0.4,0.8,0.8,0.6,0.9,0,1.0,0.9,0.6,0.9,0.6,0.6,0.4,0.8,0.8,0.6,0.8,0.8,0.8,0,201.0,0.9136,145.0,0.6591,1.0,0.786,0.7333333333333333,0.7857142857142857,0.98125,0.6
80,1.0,1.0,1.0,1.0,0.5,0.9,1.0,1.0,0.9,0,1.0,1.0,0.8,0.9,0.7,0.9,0.7,0.7,0.9,0.8,0.9,0.9,0.8,0,213.0,0.9682000000000001,178.0,0.8090999999999999,1.0,0.889,0.8833333333333333,0.8285714285714286,1.0,0.8
81,0.8,1.0,0.9,0.8,0.7,0.9,0.9,0.5,0.9,0,0.4,0.9,0.0,0.8,0.0,0.0,0.0,0.7,0.8,0.7,0.7,0.5,0.7,0,169.0,0.7682,66.0,0.3,0.7272727272727273,0.0,0.8,0.7285714285714285,0.75625,0.1
82,0.8,1.0,1.0,0.9,0.7,0.9,1.0,0.9,0.9,0,1.0,0.9,0.7,0.9,0.6,0.7,0.6,0.8,0.6,0.9,0.7,0.6,0.7,0,204.0,0.9273,149.0,0.6773,1.0,0.8019999999999999,0.8833333333333333,0.7571428571428571,0.94375,0.64
83,0.8,1.0,1.0,1.0,0.6,0.8,1.0,0.4,0.9,0,0.9,0.9,0.0,0.9,0.4,0.0,0.0,0.7,0.8,0.4,0.4,0.4,0.7,0,196.0,0.8909,70.0,0.3182,0.7954545454545454,0.0,0.7666666666666667,0.6571428571428571,0.9375,0.16
84,1.0,1.0,1.0,0.9,0.4,0.9,0.9,0.8,1.0,0,1.0,1.0,0.9,1.0,0.8,0.8,0.7,0.9,0.9,0.8,1.0,0.9,0.9,0,207.0,0.9409000000000001,187.0,0.85,1.0,0.8949999999999999,0.8333333333333334,0.9142857142857143,0.98125,0.82
85,0.9,1.0,1.0,1.0,0.8,0.8,1.0,0.9,0.9,0,1.0,0.9,0.9,1.0,0.7,0.7,0.6,0.8,0.9,0.7,0.8,0.7,0.7,0,210.0,0.9545,164.0,0.7455,1.0,0.85,0.8833333333333333,0.8,0.98125,0.72
86,0.9,1.0,1.0,1.0,0.4,0.8,1.0,0.9,0.9,0,1.0,1.0,0.8,1.0,0.7,0.8,0.5,0.8,0.7,0.9,0.9,0.8,0.8,0,207.0,0.9409000000000001,167.0,0.7591,1.0,0.85,0.8333333333333334,0.8428571428571429,0.98125,0.72
87,1.0,1.0,1.0,1.0,0.9,0.9,1.0,1.0,1.0,0,1.0,1.0,0.8,0.9,0.8,0.8,0.5,0.9,0.9,0.9,1.0,0.8,0.9,0,218.0,0.9909000000000001,175.0,0.7955,1.0,0.893,0.9666666666666667,0.9142857142857143,1.0,0.74
88,0.8,1.0,1.0,1.0,0.4,0.7,1.0,0.5,0.9,0,1.0,0.9,0.6,0.9,0.4,0.5,0.0,0.7,0.7,0.6,0.6,0.6,0.7,0,198.0,0.9,112.0,0.5091,0.9318181818181818,0.0,0.7333333333333333,0.7,0.9625,0.42
89,0.9,1.0,1.0,1.0,0.6,1.0,0.9,0.8,0.9,0,1.0,0.9,0.6,0.9,0.4,0.6,0.5,0.8,0.6,0.9,0.8,0.8,0.8,0,208.0,0.9455,143.0,0.65,1.0,0.798,0.85,0.8,0.98125,0.58
90,1.0,1.0,1.0,1.0,0.9,0.9,0.9,0.9,0.9,0,1.0,1.0,1.0,1.0,0.7,0.7,0.6,0.9,0.9,0.8,0.8,0.9,0.8,0,215.0,0.9773,177.0,0.8045,1.0,0.891,0.9166666666666666,0.8571428571428571,1.0,0.78
91,1.0,1.0,1.0,1.0,0.9,1.0,1.0,1.0,1.0,0,1.0,1.0,0.9,1.0,0.6,0.9,0.6,0.9,1.0,0.9,1.0,0.9,0.9,0,219.0,0.9955,183.0,0.8318,1.0,0.914,0.9833333333333333,0.9428571428571428,1.0,0.78
92,1.0,1.0,1.0,0.9,0.8,0.9,1.0,0.5,0.9,0,1.0,0.8,0.9,0.9,0.4,0.4,0.4,0.8,0.6,0.7,0.8,0.8,0.8,0,206.0,0.9364000000000001,141.0,0.6409,1.0,0.7889999999999999,0.8166666666666667,0.7714285714285715,0.98125,0.58
93,0.9,1.0,1.0,0.9,0.4,0.9,1.0,1.0,0.8,0,1.0,0.7,0.8,0.8,0.6,0.7,0.6,0.7,0.8,0.7,0.9,0.7,0.9,0,202.0,0.9182,159.0,0.7227,1.0,0.82,0.8,0.8142857142857143,0.9625,0.68
94,0.9,1.0,1.0,0.9,0.7,0.7,0.9,0.9,0.9,0,0.9,0.9,0.6,0.9,0.0,0.6,0.0,0.7,0.6,0.8,0.8,0.8,0.8,0,200.0,0.9090999999999999,114.0,0.5182,0.8636363636363636,0.0,0.8333333333333334,0.7714285714285715,0.9375,0.4
95,0.9,0.9,1.0,1.0,0.5,0.8,0.9,0.8,0.9,0,1.0,0.9,0.4,0.9,0.6,0.7,0.4,0.8,0.8,0.6,0.8,0.8,0.8,0,202.0,0.9182,142.0,0.6455,1.0,0.782,0.8,0.7857142857142857,0.9625,0.58
96,1.0,1.0,1.0,1.0,0.6,0.9,0.9,1.0,0.9,0,1.0,1.0,0.9,1.0,0.8,0.8,0.9,0.9,1.0,0.9,0.9,1.0,0.9,0,213.0,0.9682000000000001,197.0,0.8955,1.0,0.932,0.8833333333333333,0.9285714285714286,1.0,0.88
97,1.0,1.0,1.0,0.9,0.8,0.9,0.9,1.0,0.9,0,1.0,0.9,0.9,1.0,0.8,0.9,0.8,0.9,1.0,0.9,0.8,0.7,0.9,0,211.0,0.9591,187.0,0.85,1.0,0.905,0.9,0.9142857142857143,0.98125,0.82
98,0.8,1.0,1.0,0.8,0.6,0.8,1.0,0.8,0.9,0,1.0,0.9,0.7,0.9,0.8,0.8,0.6,0.8,0.9,0.9,0.9,0.7,0.8,0,198.0,0.9,168.0,0.7636000000000001,1.0,0.8320000000000001,0.8333333333333334,0.8571428571428571,0.925,0.72
99,0.8,1.0,0.9,1.0,1.0,0.9,1.0,1.0,1.0,0,1.0,1.0,0.9,1.0,0.9,1.0,0.7,1.0,0.8,0.9,1.0,1.0,0.9,0,210.0,0.9545,200.0,0.9090999999999999,1.0,0.932,0.9833333333333333,0.9285714285714286,0.94375,0.9
100,0.9,1.0,0.8,1.0,0.7,0.8,1.0,0.6,1.0,0,1.0,1.0,0.7,1.0,0.7,0.8,0.6,0.9,0.9,0.7,0.8,0.6,0.8,0,202.0,0.9182,161.0,0.7318,1.0,0.825,0.85,0.8428571428571429,0.94375,0.68
101,1.0,1.0,1.0,1.0,0.8,0.9,1.0,0.9,0.9,0,1.0,1.0,1.0,1.0,0.8,0.8,0.7,1.0,0.9,0.9,0.9,0.7,0.9,0,215.0,0.9773,185.0,0.8409000000000001,1.0,0.909,0.9166666666666666,0.9285714285714286,1.0,0.8
102,1.0,1.0,1.0,1.0,0.7,0.9,1.0,0.8,0.9,0,1.0,0.9,0.7,0.8,0.6,0.7,0.6,0.7,0.8,0.8,0.8,0.7,0.8,0,212.0,0.9635999999999999,154.0,0.7,1.0,0.8320000000000001,0.8666666666666667,0.7857142857142857,1.0,0.66
103,0.9,1.0,1.0,0.9,0.6,0.7,0.9,0.8,0.9,0,0.9,0.8,0.0,0.9,0.0,0.0,0.0,0.7,0.9,0.6,0.7,0.7,0.7,0,197.0,0.8955,73.0,0.3318,0.7272727272727273,0.0,0.7833333333333333,0.7428571428571429,0.9375,0.14
104,0.9,1.0,1.0,1.0,0.9,0.9,1.0,0.7,1.0,0,1.0,0.9,0.8,1.0,0.8,0.6,0.0,0.9,0.8,0.7,0.7,0.8,0.9,0,211.0,0.9591,149.0,0.6773,0.9318181818181818,0.0,0.9,0.8428571428571429,0.98125,0.6
105,0.9,1.0,0.9,0.9,1.0,0.9,1.0,0.7,0.9,0,1.0,1.0,0.8,0.9,0.6,0.7,0.5,0.8,0.9,0.9,0.8,0.9,0.9,0,206.0,0.9364000000000001,166.0,0.7545,1.0,0.845,0.9166666666666666,0.8714285714285714,0.94375,0.7
106,0.8,1.0,0.9,0.9,0.8,0.9,1.0,0.8,0.9,0,1.0,0.9,0.7,0.9,0.5,0.6,0.6,0.8,0.7,0.5,0.9,0.9,0.9,0,201.0,0.9136,155.0,0.7045,1.0,0.8089999999999999,0.8833333333333333,0.8,0.925,0.66
107,0.9,1.0,1.0,0.9,0.8,0.9,0.9,1.0,0.9,0,0.9,1.0,0.7,0.9,0.6,0.8,0.5,0.8,0.8,0.8,0.9,0.7,0.9,0,205.0,0.9318,159.0,0.7227,1.0,0.827,0.9166666666666666,0.8571428571428571,0.9375,0.66
108,1.0,1.0,1.0,0.9,0.7,0.9,0.9,1.0,0.9,0,0.9,1.0,0.6,0.9,0.9,0.9,0.9,0.8,1.0,0.9,0.9,0.9,0.8,0,207.0,0.9409000000000001,187.0,0.85,1.0,0.8949999999999999,0.9,0.8714285714285714,0.95625,0.84
109,0.9,1.0,1.0,1.0,0.7,0.8,1.0,0.7,1.0,0,1.0,0.9,0.7,0.9,0.7,0.8,0.5,0.8,0.8,0.9,0.8,0.7,0.8,0,208.0,0.9455,160.0,0.7273,1.0,0.836,0.85,0.8285714285714286,0.98125,0.68
110,0.8,1.0,1.0,1.0,0.8,0.8,0.9,0.5,0.9,0,1.0,0.9,0.5,0.9,0.4,0.4,0.4,0.8,0.9,0.7,0.7,0.7,0.7,0,202.0,0.9182,126.0,0.5727,1.0,0.745,0.8,0.7714285714285715,0.9625,0.48
111,0.9,1.0,1.0,1.0,0.7,0.9,0.9,0.8,0.8,0,1.0,0.8,0.7,0.9,0.6,0.4,0.6,0.8,0.9,0.7,0.8,0.6,0.8,0,206.0,0.9364000000000001,144.0,0.6545,1.0,0.795,0.8166666666666667,0.8142857142857143,0.98125,0.58
112,0.9,1.0,1.0,1.0,0.7,0.9,1.0,0.9,0.9,0,1.0,1.0,1.0,0.9,0.6,0.6,0.9,0.9,0.9,0.9,0.9,0.9,0.9,0,211.0,0.9591,183.0,0.8318,1.0,0.8949999999999999,0.9,0.9,0.98125,0.8
113,1.0,1.0,1.0,1.0,0.4,0.9,1.0,0.9,0.9,0,1.0,0.9,0.8,0.9,0.7,0.8,0.6,0.9,0.8,0.9,0.9,0.8,0.8,0,210.0,0.9545,171.0,0.7773,1.0,0.866,0.8333333333333334,0.8571428571428571,1.0,0.74
114,0.8,1.0,1.0,1.0,0.8,0.9,0.9,1.0,1.0,0,1.0,1.0,0.7,1.0,0.6,0.7,0.8,0.9,0.8,0.8,0.8,0.8,0.9,0,210.0,0.9545,169.0,0.7682,1.0,0.861,0.9333333333333333,0.8714285714285714,0.9625,0.72
115,0.9,1.0,1.0,0.9,0.9,1.0,1.0,0.9,0.9,0,1.0,1.0,0.7,0.8,0.4,0.7,0.4,0.7,0.9,0.8,0.8,0.7,0.8,0,211.0,0.9591,143.0,0.65,1.0,0.805,0.95,0.8,0.9625,0.58
116,0.8,1.0,1.0,1.0,0.7,0.9,0.9,0.9,0.8,0,1.0,1.0,0.6,0.9,0.0,0.7,0.0,0.8,0.8,0.8,0.9,0.8,0.8,0,206.0,0.9364000000000001,121.0,0.55,0.8636363636363636,0.0,0.8666666666666667,0.8285714285714286,0.9625,0.42
117,0.8,1.0,1.0,1.0,0.6,0.8,1.0,0.8,0.9,0,0.9,0.9,0.7,0.9,0.4,0.5,0.0,0.7,0.4,0.7,0.8,0.6,0.7,0,200.0,0.9090999999999999,115.0,0.5227,0.9318181818181818,0.0,0.8333333333333334,0.7,0.9375,0.44
118,1.0,1.0,1.0,1.0,0.9,0.9,0.9,1.0,0.9,0,1.0,1.0,0.9,1.0,0.8,1.0,0.6,0.9,0.9,1.0,0.9,0.8,0.9,0,216.0,0.9818,188.0,0.8545,1.0,0.9179999999999999,0.9333333333333333,0.9285714285714286,1.0,0.82
119,0.8,1.0,1.0,1.0,1.0,0.9,1.0,0.8,1.0,0,1.0,1.0,0.9,0.8,0.7,0.7,0.6,0.7,0.9,0.8,0.9,0.8,0.8,0,211.0,0.9591,168.0,0.7636000000000001,1.0,0.861,0.95,0.8142857142857143,0.9625,0.74
120,1.0,1.0,1.0,0.9,0.7,1.0,1.0,0.5,0.9,0,1.0,0.8,0.7,0.9,0.7,0.6,0.6,0.8,0.9,0.8,0.8,0.8,0.8,0,206.0,0.9364000000000001,160.0,0.7273,1.0,0.8320000000000001,0.8166666666666667,0.8285714285714286,0.98125,0.68
121,0.9,0.9,0.9,0.9,0.9,0.9,0.9,0.9,0.9,0,0.8,0.9,0.7,0.9,0.4,0.6,0.6,0.8,0.9,0.8,0.9,0.9,0.8,0,194.0,0.8817999999999999,155.0,0.7045,1.0,0.7929999999999999,0.9,0.8428571428571429,0.875,0.64
122,0.8,0.9,1.0,1.0,0.9,0.7,1.0,0.9,0.8,0,1.0,1.0,0.6,0.9,0.0,0.6,0.0,0.7,0.9,0.8,0.7,0.8,0.8,0,204.0,0.9273,116.0,0.5273,0.8636363636363636,0.0,0.8833333333333333,0.8,0.94375,0.4
123,0.9,1.0,1.0,1.0,0.5,0.7,1.0,0.5,0.9,0,1.0,1.0,0.7,0.9,0.0,0.5,0.0,0.8,0.8,0.6,0.7,0.5,0.8,0,203.0,0.9227000000000001,105.0,0.47729999999999995,0.8636363636363636,0.0,0.7666666666666667,0.7714285714285715,0.98125,0.34
124,1.0,1.0,1.0,1.0,1.0,0.9,1.0,1.0,0.9,0,0.9,1.0,0.8,0.9,0.5,0.8,0.6,0.9,0.8,1.0,0.8,0.9,0.8,0,214.0,0.9727,168.0,0.7636000000000001,1.0,0.868,0.9666666666666667,0.8571428571428571,0.975,0.72
125,0.8,1.0,0.8,0.9,0.7,0.8,0.9,1.0,0.7,0,1.0,0.7,0.8,1.0,0.5,0.7,0.4,0.9,0.6,0.8,0.8,0.9,0.8,0,193.0,0.8773,156.0,0.7091000000000001,1.0,0.7929999999999999,0.8,0.8142857142857143,0.90625,0.66
126,0.8,1.0,1.0,1.0,0.8,0.8,1.0,0.8,0.9,0,1.0,1.0,0.8,0.9,0.9,0.8,0.8,0.9,0.8,0.5,0.7,0.7,0.8,0,207.0,0.9409000000000001,174.0,0.7908999999999999,1.0,0.866,0.8833333333333333,0.7714285714285715,0.9625,0.8
127,0.8,0.9,1.0,1.0,0.9,0.8,1.0,0.9,0.9,0,1.0,1.0,0.9,1.0,0.7,0.7,0.8,0.8,0.8,0.9,0.9,0.8,0.7,0,206.0,0.9364000000000001,175.0,0.7955,1.0,0.866,0.9166666666666666,0.8285714285714286,0.94375,0.78
128,0.8,1.0,1.0,1.0,0.9,1.0,1.0,0.9,0.9,0,1.0,0.9,0.8,1.0,0.8,0.8,0.6,0.9,0.9,0.9,0.9,0.7,0.8,0,210.0,0.9545,173.0,0.7864,1.0,0.8699999999999999,0.9333333333333333,0.8857142857142857,0.9625,0.74
129,0.9,1.0,1.0,1.0,0.6,0.8,1.0,0.7,0.9,0,1.0,0.9,0.9,1.0,0.7,0.7,0.5,1.0,0.9,0.7,0.8,0.9,0.9,0,206.0,0.9364000000000001,173.0,0.7864,1.0,0.861,0.8166666666666667,0.8857142857142857,0.98125,0.74
130,1.0,1.0,1.0,1.0,0.6,0.9,1.0,1.0,1.0,0,1.0,1.0,0.6,1.0,0.8,0.7,0.6,0.9,0.9,0.8,0.8,0.8,0.9,0,215.0,0.9773,167.0,0.7591,1.0,0.868,0.9166666666666666,0.8857142857142857,1.0,0.7
131,0.9,1.0,1.0,0.9,0.8,1.0,0.9,1.0,0.9,0,1.0,1.0,0.7,1.0,0.8,0.7,0.5,0.9,0.9,0.8,0.9,0.9,0.8,0,210.0,0.9545,169.0,0.7682,1.0,0.861,0.9333333333333333,0.8714285714285714,0.9625,0.72
132,1.0,1.0,1.0,1.0,0.9,0.9,1.0,0.9,0.9,0,0.9,1.0,1.0,1.0,0.8,0.8,0.6,0.8,0.8,0.8,0.9,0.7,0.9,0,212.0,0.9635999999999999,178.0,0.8090999999999999,1.0,0.8859999999999999,0.9333333333333333,0.8714285714285714,0.975,0.78
133,0.9,1.0,1.0,1.0,0.8,0.8,1.0,0.9,0.9,0,1.0,1.0,0.8,1.0,0.6,0.6,0.8,0.9,0.8,0.9,0.7,0.9,0.8,0,211.0,0.9591,170.0,0.7727,1.0,0.866,0.9,0.8428571428571429,0.98125,0.74
134,0.8,1.0,1.0,1.0,0.6,0.8,1.0,0.9,0.9,0,1.0,0.9,0.9,1.0,0.6,0.9,0.6,0.9,0.8,0.9,0.9,0.8,0.8,0,205.0,0.9318,175.0,0.7955,1.0,0.8640000000000001,0.85,0.8714285714285714,0.9625,0.76
135,0.9,1.0,1.0,1.0,0.7,0.8,0.9,0.9,0.5,0,1.0,0.7,0.8,0.9,0.8,0.8,0.9,0.7,0.9,0.9,0.9,0.6,0.8,0,202.0,0.9182,176.0,0.8,1.0,0.859,0.75,0.8428571428571429,0.98125,0.78
136,0.9,1.0,1.0,1.0,0.9,0.9,1.0,0.8,0.9,0,1.0,1.0,0.7,0.9,0.5,0.5,0.4,0.8,0.9,0.6,0.8,0.7,0.8,0,212.0,0.9635999999999999,140.0,0.6364,1.0,0.8,0.9166666666666666,0.8,0.98125,0.56
137,1.0,1.0,1.0,1.0,0.7,0.8,0.9,0.9,0.9,0,1.0,0.9,0.7,1.0,0.8,0.7,0.6,0.9,0.9,0.7,1.0,0.9,0.8,0,211.0,0.9591,172.0,0.7817999999999999,1.0,0.8699999999999999,0.85,0.8714285714285714,1.0,0.74
138,0.9,1.0,1.0,1.0,1.0,0.9,1.0,0.8,0.9,0,1.0,1.0,0.8,0.9,0.7,0.7,0.5,0.9,0.8,0.9,0.9,0.8,0.9,0,213.0,0.9682000000000001,167.0,0.7591,1.0,0.8640000000000001,0.9333333333333333,0.8857142857142857,0.98125,0.7
139,0.8,1.0,0.9,0.9,0.8,0.7,0.5,0.9,0.4,0,0.9,0.7,0.5,0.8,0.4,0.4,0.6,0.7,0.9,0.7,0.8,0.6,0.7,0,184.0,0.8364,128.0,0.5818,1.0,0.709,0.6666666666666666,0.7571428571428571,0.9,0.5
140,0.8,1.0,0.9,1.0,0.7,0.8,1.0,0.4,0.9,0,1.0,0.9,0.0,0.7,0.0,0.0,0.0,0.5,0.4,0.4,0.7,0.4,0.7,0,198.0,0.9,53.0,0.24089999999999998,0.7272727272727273,0.0,0.7833333333333333,0.5857142857142857,0.94375,0.08
141,0.9,1.0,1.0,0.9,0.8,0.8,1.0,0.7,0.9,0,1.0,0.8,0.6,0.9,0.4,0.6,0.4,0.8,0.8,0.8,0.9,0.7,0.8,0,204.0,0.9273,139.0,0.6317999999999999,1.0,0.78,0.8333333333333334,0.8285714285714286,0.9625,0.54
142,1.0,0.9,1.0,1.0,0.9,0.9,1.0,1.0,0.9,0,1.0,1.0,0.7,0.9,0.6,0.6,0.6,0.8,0.9,0.9,0.8,0.8,0.7,0,214.0,0.9727,156.0,0.7091000000000001,1.0,0.841,0.95,0.8142857142857143,0.98125,0.66
143,0.8,1.0,1.0,0.9,0.6,0.9,0.9,0.7,0.9,0,0.5,0.9,0.5,0.9,0.4,0.6,0.6,0.7,0.4,0.9,0.4,0.8,0.7,0,180.0,0.8182,134.0,0.6091,1.0,0.714,0.8166666666666667,0.6714285714285714,0.81875,0.58
144,1.0,1.0,1.0,1.0,0.7,0.9,0.7,0.9,0.8,0,1.0,0.7,0.8,0.9,0.6,0.7,0.7,0.7,0.9,0.4,0.7,0.5,0.8,0,207.0,0.9409000000000001,151.0,0.6864,1.0,0.8140000000000001,0.7833333333333333,0.7428571428571429,1.0,0.66
145,0.9,1.0,1.0,1.0,0.8,0.9,1.0,1.0,1.0,0,1.0,0.9,0.7,0.9,0.7,0.5,0.5,0.8,0.6,0.8,0.9,0.8,0.8,0,213.0,0.9682000000000001,152.0,0.6909,1.0,0.8300000000000001,0.9333333333333333,0.8,0.98125,0.64
146,0.9,1.0,1.0,0.8,0.7,0.9,0.9,0.7,0.9,0,0.7,0.9,0.0,0.9,0.0,0.4,0.0,0.8,0.9,0.0,0.7,0.7,0.7,0,189.0,0.8591,80.0,0.36360000000000003,0.7727272727272727,0.0,0.8333333333333334,0.6714285714285714,0.86875,0.22
147,0.9,1.0,1.0,1.0,0.4,1.0,1.0,0.9,1.0,0,1.0,0.9,0.6,0.8,0.6,0.6,0.5,0.6,0.8,0.9,0.7,0.5,0.8,0,209.0,0.95,138.0,0.6273,1.0,0.7889999999999999,0.8666666666666667,0.7714285714285715,0.98125,0.56
148,1.0,1.0,1.0,0.9,1.0,1.0,1.0,1.0,0.9,0,1.0,1.0,0.8,1.0,0.7,0.8,0.6,0.9,0.9,0.8,0.8,0.9,0.9,0,216.0,0.9818,176.0,0.8,1.0,0.891,0.9833333333333333,0.8857142857142857,0.98125,0.76
149,0.9,1.0,1.0,1.0,0.8,0.8,1.0,0.9,0.8,0,1.0,0.9,0.8,1.0,0.7,0.9,0.7,0.9,0.8,0.8,0.9,0.7,0.8,0,209.0,0.95,174.0,0.7908999999999999,1.0,0.8699999999999999,0.8666666666666667,0.8571428571428571,0.98125,0.76
150,0.9,1.0,1.0,1.0,0.8,0.8,1.0,0.7,0.8,0,1.0,0.7,0.6,0.9,0.6,0.5,0.0,0.7,0.7,0.7,0.8,0.6,0.7,0,205.0,0.9318,121.0,0.55,0.9318181818181818,0.0,0.8,0.7428571428571429,0.98125,0.46
151,1.0,1.0,1.0,0.9,0.9,1.0,1.0,0.5,0.9,0,1.0,0.9,0.6,1.0,0.7,0.6,0.6,0.9,0.9,0.6,0.9,0.8,0.8,0,209.0,0.95,158.0,0.7182000000000001,1.0,0.834,0.8666666666666667,0.8428571428571429,0.98125,0.66
152,0.7,0.8,0.8,0.8,0.6,0.8,0.7,0.7,0.7,0,1.0,0.4,0.4,0.9,0.0,0.5,0.0,0.7,0.7,0.8,0.8,0.8,0.7,0,172.0,0.7817999999999999,104.0,0.4727,0.8636363636363636,0.0,0.65,0.7571428571428571,0.83125,0.34
153,0.9,1.0,1.0,0.9,0.9,0.8,0.9,0.5,0.9,0,1.0,0.9,0.4,0.9,0.6,0.4,0.7,0.8,0.9,0.8,0.7,0.9,0.8,0,203.0,0.9227000000000001,147.0,0.6682,1.0,0.795,0.8166666666666667,0.8142857142857143,0.9625,0.6
154,1.0,1.0,1.0,1.0,0.8,0.9,1.0,0.9,1.0,0,1.0,1.0,0.7,1.0,0.9,0.8,0.7,0.9,0.9,0.9,0.9,0.9,0.7,0,216.0,0.9818,180.0,0.8182,1.0,0.9,0.9333333333333333,0.8571428571428571,1.0,0.8
155,0.9,1.0,1.0,1.0,0.7,0.8,1.0,0.8,0.9,0,1.0,1.0,0.8,1.0,0.6,0.7,0.6,0.8,0.8,0.7,0.7,0.9,0.7,0,209.0,0.95,162.0,0.7363999999999999,1.0,0.843,0.8666666666666667,0.7714285714285715,0.98125,0.72
156,0.8,1.0,1.0,0.9,0.6,0.9,0.9,0.4,0.8,0,0.9,0.9,0.4,0.9,0.6,0.4,0.4,0.8,0.7,0.4,0.7,0.7,0.7,0,192.0,0.8727,124.0,0.5636,1.0,0.718,0.75,0.7,0.91875,0.5
157,0.9,1.0,1.0,1.0,0.8,0.8,1.0,0.4,0.9,0,1.0,0.9,0.4,0.9,0.5,0.6,0.4,0.8,0.9,0.7,0.9,0.7,0.8,0,205.0,0.9318,136.0,0.6182000000000001,1.0,0.775,0.8,0.8285714285714286,0.98125,0.52
158,1.0,1.0,1.0,1.0,0.7,0.9,1.0,0.7,0.9,0,1.0,0.9,0.8,1.0,0.8,0.7,0.6,0.9,0.9,0.9,0.9,0.8,0.8,0,211.0,0.9591,173.0,0.7864,1.0,0.873,0.85,0.8857142857142857,1.0,0.74
159,0.8,1.0,1.0,1.0,0.6,0.8,1.0,0.8,0.9,0,1.0,0.8,0.6,0.9,0.7,0.7,0.5,0.8,0.8,0.8,0.9,0.6,0.8,0,203.0,0.9227000000000001,151.0,0.6864,1.0,0.805,0.8166666666666667,0.8285714285714286,0.9625,0.62
160,0.9,1.0,0.8,0.9,0.8,0.8,0.9,1.0,0.9,0,0.8,0.9,0.6,0.9,0.0,0.7,0.0,0.8,0.9,0.6,0.8,0.7,0.7,0,193.0,0.8773,114.0,0.5182,0.8636363636363636,0.0,0.8833333333333333,0.7714285714285715,0.875,0.4
161,0.9,1.0,1.0,1.0,0.9,0.9,0.9,0.8,0.9,0,1.0,1.0,0.9,1.0,0.8,0.9,0.6,0.9,0.9,0.7,0.8,0.9,0.8,0,211.0,0.9591,182.0,0.8272999999999999,1.0,0.893,0.9,0.8428571428571429,0.98125,0.82
162,0.9,0.8,1.0,0.9,0.4,0.8,1.0,0.8,0.9,0,1.0,0.8,0.7,0.9,0.6,0.6,0.4,0.8,0.7,0.9,0.7,0.9,0.7,0,195.0,0.8864000000000001,150.0,0.6818,1.0,0.784,0.7833333333333333,0.7714285714285715,0.925,0.64
163,1.0,1.0,1.0,1.0,0.9,0.8,0.9,0.9,0.9,0,1.0,1.0,0.8,0.9,0.7,0.7,0.4,0.7,0.9,0.7,0.8,0.7,0.8,0,214.0,0.9727,155.0,0.7045,1.0,0.8390000000000001,0.9,0.8,1.0,0.66
164,0.9,1.0,1.0,1.0,0.4,0.7,0.9,0.5,0.7,0,1.0,0.4,0.0,0.8,0.0,0.4,0.4,0.5,0.6,0.7,0.7,0.4,0.7,0,193.0,0.8773,83.0,0.3773,0.8636363636363636,0.0,0.6,0.6714285714285714,0.98125,0.24
165,0.9,1.0,1.0,1.0,0.9,0.9,1.0,0.7,1.0,0,1.0,1.0,0.6,0.9,0.6,0.6,0.6,0.8,0.8,0.9,0.9,0.7,0.8,0,212.0,0.9635999999999999,152.0,0.6909,1.0,0.827,0.9166666666666666,0.8428571428571429,0.98125,0.62
166,0.9,1.0,1.0,1.0,0.4,0.9,0.9,0.7,0.9,0,1.0,0.7,0.7,0.9,0.7,0.7,0.6,0.7,0.8,0.7,0.7,0.9,0.8,0,202.0,0.9182,162.0,0.7363999999999999,1.0,0.827,0.75,0.7714285714285715,0.98125,0.72
167,0.8,1.0,0.9,1.0,0.8,0.9,0.6,0.8,1.0,0,1.0,0.9,0.6,1.0,0.6,0.7,0.4,0.9,0.8,0.7,0.9,0.9,0.9,0,201.0,0.9136,157.0,0.7136,1.0,0.8140000000000001,0.8333333333333334,0.8714285714285714,0.94375,0.64
168,1.0,1.0,1.0,1.0,1.0,1.0,1.0,1.0,1.0,0,1.0,1.0,1.0,1.0,0.8,0.9,0.7,1.0,0.8,0.9,0.9,0.8,0.8,0,220.0,1.0,188.0,0.8545,1.0,0.9269999999999999,1.0,0.8857142857142857,1.0,0.84
169,1.0,1.0,1.0,1.0,0.9,0.8,1.0,0.9,0.9,0,1.0,1.0,0.7,0.9,0.6,0.9,0.8,0.8,0.9,0.9,0.8,0.8,0.7,0,215.0,0.9773,171.0,0.7773,1.0,0.877,0.9166666666666666,0.8142857142857143,1.0,0.76
170,1.0,1.0,1.0,1.0,0.8,0.9,0.9,0.7,0.9,0,1.0,0.8,0.6,1.0,0.8,0.8,0.6,0.9,0.7,0.8,0.9,0.9,0.8,0,210.0,0.9545,170.0,0.7727,1.0,0.8640000000000001,0.8333333333333334,0.8428571428571429,1.0,0.74
171,0.9,1.0,1.0,1.0,0.7,1.0,1.0,0.9,0.9,0,1.0,1.0,0.9,0.9,0.8,0.6,0.7,0.8,0.8,0.6,0.8,0.8,0.8,0,212.0,0.9635999999999999,169.0,0.7682,1.0,0.866,0.9166666666666666,0.7857142857142857,0.98125,0.76
172,0.9,1.0,1.0,1.0,0.4,0.8,1.0,0.6,0.9,0,1.0,1.0,0.7,0.9,0.6,0.4,0.7,0.8,0.9,0.7,0.8,0.8,0.9,0,204.0,0.9273,155.0,0.7045,1.0,0.8160000000000001,0.7833333333333333,0.8428571428571429,0.98125,0.64
173,0.7,0.9,1.0,0.8,0.4,0.7,0.9,0.7,0.7,0,1.0,0.7,0.5,0.9,0.6,0.4,0.0,0.8,0.8,0.5,0.6,0.4,0.7,0,183.0,0.8318,107.0,0.4864,0.9318181818181818,0.0,0.6833333333333333,0.7142857142857143,0.8875,0.38
174,0.9,1.0,1.0,1.0,0.9,1.0,0.9,0.9,0.9,0,1.0,0.9,0.7,0.8,0.6,0.8,0.5,0.7,0.9,0.9,0.9,0.7,0.8,0,212.0,0.9635999999999999,157.0,0.7136,1.0,0.8390000000000001,0.9166666666666666,0.8285714285714286,0.98125,0.66
175,0.8,1.0,1.0,1.0,0.5,0.9,1.0,0.9,0.9,0,1.0,1.0,0.6,0.9,0.4,0.7,0.5,0.8,0.7,0.8,0.8,0.8,0.7,0,206.0,0.9364000000000001,144.0,0.6545,1.0,0.795,0.8666666666666667,0.7714285714285715,0.9625,0.6
176,0.9,1.0,1.0,1.0,0.9,0.8,0.9,0.7,0.9,0,1.0,0.9,0.6,0.9,0.6,0.7,0.4,0.8,0.8,0.8,0.7,0.5,0.7,0,208.0,0.9455,138.0,0.6273,1.0,0.786,0.85,0.7714285714285715,0.98125,0.56
177,0.9,1.0,1.0,1.0,0.7,0.9,0.9,0.8,0.9,0,1.0,0.9,0.7,0.9,0.8,0.7,0.6,0.9,0.8,0.8,0.7,0.9,0.9,0,208.0,0.9455,170.0,0.7727,1.0,0.859,0.85,0.8428571428571429,0.98125,0.74
178,1.0,1.0,1.0,1.0,0.8,0.9,1.0,0.8,0.9,0,1.0,0.7,0.8,1.0,0.6,0.8,0.5,0.9,0.8,0.8,0.8,0.7,0.9,0,211.0,0.9591,163.0,0.7409,1.0,0.85,0.85,0.8714285714285714,1.0,0.68
179,0.9,1.0,1.0,0.9,0.4,0.7,0.8,0.7,0.8,0,1.0,0.4,0.7,0.9,0.6,0.6,0.4,0.8,0.7,0.7,0.9,0.7,0.7,0,192.0,0.8727,144.0,0.6545,1.0,0.764,0.6333333333333333,0.7714285714285715,0.9625,0.6
180,0.9,1.0,1.0,1.0,0.9,0.9,0.9,0.9,0.9,0,1.0,1.0,0.5,0.9,0.4,0.4,0.5,0.8,0.8,0.6,0.7,0.8,0.7,0,212.0,0.9635999999999999,130.0,0.5909,1.0,0.7769999999999999,0.9166666666666666,0.7428571428571429,0.98125,0.52
181,0.9,1.0,1.0,1.0,0.8,0.8,1.0,1.0,0.9,0,1.0,0.9,0.9,0.9,0.6,0.7,0.5,0.9,0.8,0.9,0.9,0.9,0.8,0,211.0,0.9591,168.0,0.7636000000000001,1.0,0.861,0.9,0.8571428571428571,0.98125,0.72
182,0.9,1.0,1.0,1.0,0.7,0.9,1.0,1.0,0.9,0,1.0,1.0,0.7,0.9,0.4,0.8,0.6,0.8,0.9,0.9,0.8,0.9,0.8,0,212.0,0.9635999999999999,161.0,0.7318,1.0,0.8480000000000001,0.9166666666666666,0.8428571428571429,0.98125,0.68
183,0.8,1.0,1.0,1.0,0.7,0.8,0.9,0.4,0.8,0,1.0,0.9,0.5,0.8,0.6,0.7,0.6,0.7,0.9,0.8,0.8,0.6,0.7,0,199.0,0.9045,144.0,0.6545,1.0,0.78,0.75,0.7714285714285715,0.9625,0.6
184,1.0,1.0,1.0,1.0,0.8,0.9,1.0,1.0,1.0,0,1.0,1.0,0.9,0.9,0.6,0.8,0.6,0.8,0.9,0.7,0.9,0.8,0.9,0,217.0,0.9864,171.0,0.7773,1.0,0.882,0.95,0.8571428571428571,1.0,0.74
185,0.9,1.0,1.0,1.0,0.4,0.8,1.0,0.6,1.0,0,1.0,1.0,0.8,1.0,0.7,0.6,0.5,0.9,0.8,0.6,0.7,0.7,0.8,0,205.0,0.9318,155.0,0.7045,1.0,0.818,0.8,0.8,0.98125,0.66
186,0.9,1.0,1.0,1.0,0.9,0.9,0.9,0.8,0.9,0,1.0,1.0,0.7,1.0,0.7,0.7,0.6,0.9,0.9,0.9,0.9,0.8,0.9,0,211.0,0.9591,169.0,0.7682,1.0,0.8640000000000001,0.9,0.9142857142857143,0.98125,0.7
187,0.9,1.0,1.0,1.0,0.9,0.9,1.0,1.0,0.9,0,1.0,1.0,0.9,0.9,0.7,0.6,0.8,0.9,0.9,0.7,0.7,0.8,0.9,0,214.0,0.9727,173.0,0.7864,1.0,0.8800000000000001,0.95,0.8428571428571429,0.98125,0.76
188,0.7,0.9,0.8,0.7,0.7,0.9,0.9,0.7,0.9,0,0.6,0.9,0.0,0.9,0.0,0.0,0.0,0.7,0.7,0.7,0.7,0.7,0.7,0,167.0,0.7591,72.0,0.32730000000000004,0.7272727272727273,0.0,0.8333333333333334,0.7285714285714285,0.73125,0.14
189,1.0,1.0,1.0,0.9,0.6,0.8,0.9,0.9,0.8,0,0.9,0.8,0.8,1.0,0.7,0.7,0.6,0.9,0.9,0.8,0.9,0.8,0.9,0,201.0,0.9136,171.0,0.7773,1.0,0.845,0.8,0.9,0.95625,0.72
190,0.9,1.0,1.0,1.0,0.8,0.8,0.9,1.0,0.9,0,0.9,0.9,0.7,1.0,0.6,0.7,0.7,0.9,0.8,0.7,0.8,0.8,0.9,0,206.0,0.9364000000000001,165.0,0.75,1.0,0.843,0.8833333333333333,0.8571428571428571,0.95625,0.7
191,0.9,1.0,1.0,1.0,0.4,0.8,0.9,1.0,0.9,0,1.0,0.9,0.8,0.9,0.8,0.9,0.6,0.8,0.9,0.8,0.9,0.6,0.7,0,206.0,0.9364000000000001,168.0,0.7636000000000001,1.0,0.85,0.8166666666666667,0.8142857142857143,0.98125,0.74
192,0.8,1.0,1.0,1.0,0.9,0.8,0.9,0.7,0.9,0,1.0,0.8,0.8,1.0,0.6,0.9,0.6,0.8,0.9,0.9,0.9,0.7,0.8,0,204.0,0.9273,169.0,0.7682,1.0,0.8480000000000001,0.8333333333333334,0.8714285714285714,0.9625,0.72
193,0.9,1.0,1.0,0.9,0.8,0.8,0.9,0.9,0.9,0,1.0,0.8,0.4,0.9,0.4,0.6,0.4,0.8,0.8,0.5,0.9,0.7,0.8,0,205.0,0.9318,130.0,0.5909,1.0,0.761,0.85,0.7857142857142857,0.9625,0.5
194,1.0,1.0,1.0,1.0,0.7,0.7,1.0,0.7,0.9,0,1.0,0.6,0.6,0.8,0.6,0.7,0.5,0.7,0.8,0.6,0.8,0.7,0.7,0,206.0,0.9364000000000001,144.0,0.6545,1.0,0.795,0.7666666666666667,0.7285714285714285,1.0,0.62
195,1.0,1.0,0.9,0.8,0.7,0.8,1.0,0.9,0.9,0,1.0,0.9,0.9,1.0,0.8,0.8,0.9,1.0,0.9,0.9,0.9,0.8,0.9,0,203.0,0.9227000000000001,191.0,0.8682000000000001,1.0,0.8949999999999999,0.8666666666666667,0.9285714285714286,0.94375,0.84
196,1.0,1.0,1.0,1.0,0.7,0.8,0.7,0.7,0.7,0,1.0,0.6,0.0,0.7,0.4,0.8,0.0,0.6,0.8,0.5,0.8,0.4,0.7,0,202.0,0.9182,96.0,0.4364,0.8636363636363636,0.0,0.7,0.6857142857142857,1.0,0.32
197,1.0,1.0,1.0,1.0,0.6,0.9,0.8,0.8,0.9,0,1.0,1.0,0.6,1.0,0.5,0.7,0.6,0.8,0.9,0.9,0.9,0.8,0.9,0,210.0,0.9545,159.0,0.7227,1.0,0.8390000000000001,0.8333333333333334,0.9,1.0,0.64
198,0.9,1.0,1.0,0.9,0.8,0.7,0.9,0.9,0.9,0,0.8,1.0,0.6,0.9,0.6,0.7,0.6,0.8,0.8,0.7,0.7,0.9,0.9,0,198.0,0.9,159.0,0.7227,1.0,0.8109999999999999,0.8666666666666667,0.8142857142857143,0.9125,0.68
199,0.9,1.0,1.0,1.0,0.7,0.8,1.0,0.6,0.9,0,1.0,1.0,0.7,0.9,0.4,0.8,0.7,0.8,0.7,0.7,0.8,0.5,0.8,0,207.0,0.9409000000000001,148.0,0.6727000000000001,1.0,0.807,0.8333333333333334,0.7857142857142857,0.98125,0.62
200,0.9,1.0,1.0,1.0,0.6,1.0,1.0,1.0,1.0,0,1.0,1.0,0.8,0.9,0.7,0.9,0.6,0.9,0.9,1.0,0.9,0.8,0.8,0,213.0,0.9682000000000001,176.0,0.8,1.0,0.884,0.9333333333333333,0.8857142857142857,0.98125,0.76
201,0.9,1.0,1.0,0.9,0.8,0.9,1.0,0.7,0.9,0,1.0,1.0,0.8,1.0,0.8,0.8,0.6,0.9,0.9,0.7,0.7,0.7,0.7,0,207.0,0.9409000000000001,167.0,0.7591,1.0,0.85,0.8833333333333333,0.8,0.9625,0.74
202,0.9,1.0,1.0,1.0,0.8,0.9,1.0,0.9,0.9,0,1.0,1.0,0.8,1.0,0.7,0.8,0.7,0.9,0.9,0.9,0.9,0.9,0.8,0,212.0,0.9635999999999999,179.0,0.8135999999999999,1.0,0.889,0.9166666666666666,0.8857142857142857,0.98125,0.78
203,1.0,1.0,1.0,1.0,0.7,0.9,0.9,0.9,0.7,0,1.0,0.8,0.8,0.9,0.7,0.7,0.5,0.8,0.9,0.7,0.9,0.6,0.8,0,209.0,0.95,157.0,0.7136,1.0,0.8320000000000001,0.8166666666666667,0.8285714285714286,1.0,0.66
204,1.0,1.0,1.0,1.0,0.9,0.9,0.9,0.7,0.7,0,1.0,0.6,0.8,0.8,0.5,0.6,0.4,0.7,0.8,0.7,0.9,0.7,0.8,0,207.0,0.9409000000000001,145.0,0.6591,1.0,0.8,0.7833333333333333,0.7857142857142857,1.0,0.6
205,0.8,1.0,1.0,1.0,0.7,0.9,1.0,0.9,0.9,0,1.0,0.9,0.8,1.0,0.6,0.7,0.4,0.9,0.9,0.9,0.8,0.7,0.8,0,207.0,0.9409000000000001,157.0,0.7136,1.0,0.827,0.8833333333333333,0.8714285714285714,0.9625,0.64
206,1.0,1.0,1.0,1.0,0.7,0.9,1.0,1.0,0.9,0,1.0,0.9,0.9,0.9,0.7,0.9,0.6,0.8,0.8,0.9,0.9,0.8,0.8,0,214.0,0.9727,176.0,0.8,1.0,0.8859999999999999,0.9,0.8428571428571429,1.0,0.78
207,0.9,0.9,1.0,1.0,0.7,0.9,1.0,0.5,1.0,0,1.0,1.0,0.4,0.9,0.0,0.4,0.0,0.8,0.8,0.7,0.9,0.6,0.7,0,205.0,0.9318,97.0,0.44089999999999996,0.8636363636363636,0.0,0.85,0.7857142857142857,0.9625,0.28
208,1.0,1.0,1.0,1.0,0.9,0.9,0.9,0.9,0.9,0,1.0,1.0,0.8,1.0,0.8,0.9,0.6,0.8,0.8,0.9,0.9,0.8,0.8,0,215.0,0.9773,177.0,0.8045,1.0,0.891,0.9166666666666666,0.8571428571428571,1.0,0.78
209,1.0,1.0,1.0,1.0,0.6,0.9,1.0,0.7,0.9,0,0.9,1.0,0.5,0.9,0.4,0.4,0.4,0.8,0.8,0.7,0.6,0.8,0.7,0,207.0,0.9409000000000001,127.0,0.5772999999999999,1.0,0.759,0.85,0.7428571428571429,0.975,0.5
210,0.9,0.9,0.8,0.7,0.9,0.9,0.9,0.8,0.9,0,1.0,0.9,0.7,0.9,0.7,0.6,0.4,0.9,0.9,0.8,0.9,0.9,0.7,0,192.0,0.8727,157.0,0.7136,1.0,0.7929999999999999,0.8833333333333333,0.8285714285714286,0.86875,0.66
211,1.0,1.0,1.0,0.9,1.0,0.9,0.9,0.8,0.9,0,1.0,0.9,0.8,1.0,0.7,0.8,0.5,0.9,0.9,1.0,0.9,0.8,0.8,0,211.0,0.9591,171.0,0.7773,1.0,0.868,0.9,0.9,0.98125,0.72
212,0.9,1.0,1.0,1.0,0.9,0.9,0.9,0.9,0.9,0,0.9,0.9,0.7,0.9,0.7,0.7,0.5,0.8,0.9,0.8,0.9,0.9,0.8,0,207.0,0.9409000000000001,164.0,0.7455,1.0,0.843,0.9,0.8428571428571429,0.95625,0.7
213,1.0,1.0,1.0,1.0,0.8,0.9,1.0,1.0,0.9,0,1.0,0.9,0.7,0.9,0.7,0.9,1.0,0.8,0.8,0.9,1.0,0.8,0.7,0,215.0,0.9773,181.0,0.8227,1.0,0.9,0.9166666666666666,0.8285714285714286,1.0,0.82
214,1.0,1.0,1.0,1.0,0.8,0.8,0.9,0.7,0.8,0,1.0,0.8,0.9,0.9,0.6,0.7,0.6,0.8,0.9,0.8,0.9,0.6,0.7,0,208.0,0.9455,159.0,0.7227,1.0,0.834,0.8,0.8142857142857143,1.0,0.68
215,0.9,1.0,1.0,1.0,0.9,0.9,0.9,0.9,0.9,0,1.0,0.9,0.8,1.0,0.7,0.7,0.9,0.9,0.8,0.9,0.8,0.9,0.8,0,211.0,0.9591,180.0,0.8182,1.0,0.889,0.9,0.8571428571428571,0.98125,0.8
216,1.0,1.0,1.0,1.0,0.5,0.9,1.0,0.8,1.0,0,1.0,1.0,0.7,1.0,0.7,0.8,0.6,1.0,0.9,0.9,0.7,0.9,0.8,0,212.0,0.9635999999999999,172.0,0.7817999999999999,1.0,0.873,0.8666666666666667,0.8714285714285714,1.0,0.74
217,0.9,1.0,1.0,0.9,0.8,0.7,1.0,0.5,0.9,0,1.0,1.0,0.8,1.0,0.7,0.8,0.4,0.9,0.9,0.9,0.8,0.7,0.9,0,203.0,0.9227000000000001,165.0,0.75,1.0,0.836,0.8166666666666667,0.9,0.9625,0.68
218,1.0,1.0,1.0,1.0,0.4,0.9,0.9,0.9,0.9,0,1.0,1.0,0.7,0.9,0.7,0.6,0.6,0.9,0.8,0.7,0.9,0.9,0.9,0,210.0,0.9545,165.0,0.75,1.0,0.852,0.8333333333333334,0.8571428571428571,1.0,0.7
219,0.9,1.0,1.0,1.0,0.8,0.9,1.0,0.8,0.9,0,1.0,1.0,0.6,0.8,0.0,0.5,0.4,0.7,0.8,0.7,0.7,0.7,0.8,0,211.0,0.9591,119.0,0.5408999999999999,0.9318181818181818,0.0,0.9,0.7571428571428571,0.98125,0.44
220,1.0,1.0,1.0,1.0,0.4,0.8,1.0,0.8,1.0,0,1.0,1.0,0.7,0.9,0.7,0.7,0.4,0.8,0.7,0.8,0.7,0.7,0.8,0,210.0,0.9545,151.0,0.6864,1.0,0.82,0.8333333333333334,0.7857142857142857,1.0,0.64
221,0.8,1.0,1.0,0.9,0.5,0.8,0.7,0.9,0.9,0,1.0,1.0,0.7,0.9,0.6,0.4,0.4,0.8,0.9,0.9,0.8,0.8,0.8,0,199.0,0.9045,146.0,0.6636,1.0,0.784,0.8,0.8428571428571429,0.94375,0.58
222,0.9,1.0,0.9,1.0,0.7,0.8,1.0,0.8,0.7,0,0.9,0.8,0.6,0.9,0.4,0.5,0.4,0.8,0.8,0.7,0.7,0.4,0.8,0,198.0,0.9,124.0,0.5636,1.0,0.732,0.8,0.7857142857142857,0.9375,0.46
223,0.9,1.0,1.0,1.0,0.6,0.8,1.0,0.7,0.9,0,1.0,0.8,0.7,0.9,0.6,0.6,0.5,0.8,0.7,0.8,0.8,0.7,0.8,0,205.0,0.9318,149.0,0.6773,1.0,0.805,0.8,0.8,0.98125,0.62
224,0.9,1.0,1.0,1.0,0.9,0.9,0.9,0.7,0.8,0,1.0,0.9,1.0,0.9,0.8,0.9,0.5,0.8,0.9,0.9,0.9,0.8,0.7,0,208.0,0.9455,178.0,0.8090999999999999,1.0,0.877,0.85,0.8285714285714286,0.98125,0.8
225,0.8,0.9,0.9,1.0,0.6,0.9,0.7,0.7,0.7,0,1.0,0.7,0.8,0.9,0.4,0.6,0.6,0.8,0.9,0.9,0.8,0.7,0.7,0,191.0,0.8682000000000001,150.0,0.6818,1.0,0.775,0.7166666666666667,0.8142857142857143,0.925,0.62
226,1.0,1.0,1.0,1.0,0.6,0.9,1.0,1.0,0.9,0,1.0,0.9,0.6,0.9,0.4,0.6,0.7,0.8,0.9,0.9,0.9,0.9,0.9,0,213.0,0.9682000000000001,158.0,0.7182000000000001,1.0,0.843,0.8833333333333333,0.8857142857142857,1.0,0.64
227,0.9,1.0,1.0,1.0,0.6,0.9,1.0,0.9,0.9,0,1.0,1.0,0.9,0.9,0.7,0.8,0.4,0.8,0.8,0.7,0.9,0.9,0.8,0,210.0,0.9545,168.0,0.7636000000000001,1.0,0.859,0.8833333333333333,0.8142857142857143,0.98125,0.74
228,0.8,1.0,1.0,0.9,0.5,0.8,1.0,0.6,0.9,0,1.0,0.8,0.6,0.9,0.4,0.4,0.6,0.8,0.9,0.8,0.7,0.6,0.8,0,197.0,0.8955,135.0,0.6136,1.0,0.755,0.7666666666666667,0.8142857142857143,0.94375,0.52
229,0.8,1.0,1.0,1.0,0.9,0.9,1.0,0.7,0.9,0,1.0,1.0,0.6,0.9,0.4,0.7,0.6,0.8,0.8,0.8,0.8,0.8,0.7,0,208.0,0.9455,148.0,0.6727000000000001,1.0,0.8089999999999999,0.9,0.7857142857142857,0.9625,0.62
230,1.0,1.0,1.0,1.0,0.9,0.9,1.0,0.7,0.9,0,1.0,0.9,0.9,0.9,0.7,0.8,0.9,0.8,0.8,0.6,0.8,0.8,0.8,0,213.0,0.9682000000000001,178.0,0.8090999999999999,1.0,0.889,0.8833333333333333,0.7857142857142857,1.0,0.82
231,1.0,1.0,1.0,1.0,0.6,0.9,1.0,0.7,0.9,0,1.0,1.0,0.9,1.0,0.9,0.9,0.6,0.9,0.9,0.9,0.8,0.9,0.9,0,211.0,0.9591,189.0,0.8591,1.0,0.909,0.85,0.9,1.0,0.84
232,0.7,1.0,1.0,0.9,0.6,0.7,0.9,0.9,0.9,0,0.9,0.9,0.0,0.9,0.0,0.0,0.7,0.8,0.7,0.7,0.7,0.8,0.7,0,193.0,0.8773,97.0,0.44089999999999996,0.7954545454545454,0.0,0.8166666666666667,0.7428571428571429,0.9,0.3
233,1.0,1.0,1.0,1.0,0.9,0.8,1.0,0.9,0.9,0,1.0,1.0,0.8,0.9,0.7,1.0,0.8,0.7,0.9,0.8,1.0,0.8,0.9,0,215.0,0.9773,184.0,0.8364,1.0,0.907,0.9166666666666666,0.8714285714285714,1.0,0.82
234,0.7,1.0,0.9,0.7,0.7,0.8,0.9,1.0,0.9,0,0.9,0.9,0.6,0.9,0.7,0.7,0.4,0.8,0.9,0.7,0.9,0.8,0.8,0,187.0,0.85,154.0,0.7,1.0,0.775,0.8666666666666667,0.8285714285714286,0.84375,0.64
235,0.9,1.0,1.0,0.9,0.9,0.8,1.0,0.7,0.9,0,1.0,1.0,0.7,0.9,0.8,0.5,0.7,0.9,1.0,0.8,0.7,1.0,0.8,0,207.0,0.9409000000000001,170.0,0.7727,1.0,0.857,0.8833333333333333,0.8428571428571429,0.9625,0.74
236,1.0,1.0,1.0,1.0,0.9,0.9,1.0,0.9,1.0,0,1.0,1.0,0.6,0.9,0.6,0.6,0.5,0.9,0.9,0.7,0.9,0.7,0.9,0,217.0,0.9864,151.0,0.6864,1.0,0.836,0.95,0.8714285714285714,1.0,0.6
237,1.0,1.0,1.0,1.0,0.7,0.8,1.0,0.9,0.9,0,1.0,0.9,0.7,1.0,0.8,0.9,0.8,0.9,1.0,1.0,0.9,0.6,0.9,0,212.0,0.9635999999999999,180.0,0.8182,1.0,0.891,0.8666666666666667,0.9428571428571428,1.0,0.76
238,0.9,1.0,1.0,0.9,0.6,0.9,0.7,0.7,0.9,0,1.0,0.6,0.0,0.9,0.0,0.5,0.4,0.7,0.8,0.8,0.9,0.6,0.7,0,198.0,0.9,100.0,0.4545,0.8636363636363636,0.0,0.7333333333333333,0.7857142857142857,0.9625,0.3
239,0.9,1.0,1.0,1.0,0.7,0.9,0.9,0.8,0.9,0,1.0,0.9,1.0,1.0,0.9,1.0,0.7,0.8,0.8,0.9,0.8,0.8,0.9,0,208.0,0.9455,193.0,0.8773,1.0,0.9109999999999999,0.85,0.8714285714285714,0.98125,0.88
240,1.0,1.0,1.0,1.0,0.7,0.8,1.0,1.0,0.9,0,1.0,1.0,1.0,1.0,0.8,0.7,0.6,0.9,0.9,0.9,0.9,0.9,0.7,0,214.0,0.9727,180.0,0.8182,1.0,0.8949999999999999,0.9,0.8571428571428571,1.0,0.8
241,0.9,1.0,1.0,1.0,0.8,0.8,0.9,0.7,0.9,0,1.0,0.7,0.8,1.0,0.8,0.8,0.5,0.8,0.7,0.6,0.9,0.7,0.7,0,205.0,0.9318,162.0,0.7363999999999999,1.0,0.834,0.8,0.7714285714285715,0.98125,0.72
242,1.0,1.0,1.0,1.0,0.6,0.8,1.0,1.0,1.0,0,1.0,1.0,0.8,0.9,0.6,0.6,0.4,0.8,0.8,0.8,0.7,0.6,0.8,0,214.0,0.9727,146.0,0.6636,1.0,0.818,0.9,0.8,1.0,0.6
243,0.8,1.0,1.0,1.0,0.7,0.7,0.7,0.6,0.9,0,0.9,1.0,0.4,0.8,0.0,0.0,0.0,0.7,0.7,0.7,0.7,0.7,0.7,0,196.0,0.8909,83.0,0.3773,0.7954545454545454,0.0,0.7666666666666667,0.7142857142857143,0.9375,0.22
244,1.0,1.0,1.0,1.0,0.8,0.9,1.0,0.9,1.0,0,1.0,1.0,0.7,1.0,0.7,0.8,0.7,0.9,0.8,0.9,0.9,0.8,0.9,0,216.0,0.9818,174.0,0.7908999999999999,1.0,0.8859999999999999,0.9333333333333333,0.9,1.0,0.74
245,1.0,1.0,1.0,1.0,0.6,0.9,1.0,0.6,0.8,0,1.0,0.9,0.8,0.9,0.7,0.8,0.4,0.8,0.9,0.9,0.7,0.9,0.7,0,208.0,0.9455,164.0,0.7455,1.0,0.845,0.8,0.8,1.0,0.72
246,0.7,1.0,1.0,1.0,0.9,0.7,1.0,0.9,0.9,0,1.0,0.9,0.4,0.9,0.4,0.0,0.0,0.7,0.6,0.6,0.8,0.7,0.7,0,204.0,0.9273,95.0,0.43179999999999996,0.8636363636363636,0.0,0.8833333333333333,0.7142857142857143,0.94375,0.3
247,1.0,1.0,1.0,0.9,0.9,0.9,0.9,1.0,0.9,0,0.9,1.0,0.9,1.0,0.7,0.9,0.5,0.9,1.0,0.8,0.9,0.8,0.8,0,209.0,0.95,176.0,0.8,1.0,0.875,0.9333333333333333,0.8857142857142857,0.95625,0.76
248,0.9,1.0,1.0,0.9,0.8,0.8,1.0,1.0,1.0,0,1.0,1.0,0.9,1.0,0.8,0.9,0.8,1.0,0.9,0.9,0.9,0.8,0.9,0,210.0,0.9545,191.0,0.8682000000000001,1.0,0.9109999999999999,0.9333333333333333,0.9285714285714286,0.9625,0.84
249,0.8,1.0,1.0,0.9,0.8,0.7,1.0,0.7,0.9,0,0.9,0.9,0.6,0.9,0.0,0.4,0.7,0.8,0.7,0.7,0.8,0.7,0.7,0,197.0,0.8955,125.0,0.5682,0.9318181818181818,0.0,0.8333333333333334,0.7571428571428571,0.91875,0.48
250,0.8,1.0,1.0,1.0,0.9,0.9,0.7,0.7,0.9,0,1.0,0.9,0.7,1.0,0.8,0.8,0.7,0.9,0.9,0.9,0.9,0.8,0.9,0,204.0,0.9273,178.0,0.8090999999999999,1.0,0.868,0.8333333333333334,0.9142857142857143,0.9625,0.76
251,1.0,1.0,1.0,1.0,0.8,0.8,0.9,0.6,0.9,0,0.9,0.9,0.7,0.9,0.5,0.6,0.6,0.7,0.8,0.7,0.7,0.8,0.8,0,205.0,0.9318,150.0,0.6818,1.0,0.807,0.8166666666666667,0.7714285714285715,0.975,0.64
252,0.6,0.9,0.8,0.9,0.7,0.9,0.9,0.9,0.9,0,0.9,1.0,0.7,1.0,0.8,0.7,0.8,0.9,0.9,0.9,0.9,0.9,0.8,0,185.0,0.8409000000000001,179.0,0.8135999999999999,1.0,0.827,0.8833333333333333,0.8857142857142857,0.825,0.78
253,0.9,1.0,1.0,1.0,0.5,0.8,1.0,0.8,0.9,0,1.0,1.0,0.8,0.9,0.6,0.7,0.6,0.8,0.8,0.9,0.7,0.7,0.8,0,207.0,0.9409000000000001,159.0,0.7227,1.0,0.8320000000000001,0.8333333333333334,0.8142857142857143,0.98125,0.68
254,0.8,1.0,0.9,0.9,0.6,0.9,0.8,1.0,0.9,0,1.0,0.8,0.7,1.0,0.7,0.7,0.7,0.9,0.9,0.9,0.9,0.8,0.9,0,198.0,0.9,172.0,0.7817999999999999,1.0,0.841,0.8333333333333334,0.9142857142857143,0.925,0.72
255,0.8,1.0,1.0,0.9,0.8,0.8,0.9,0.9,0.9,0,0.8,0.9,0.4,0.9,0.4,0.4,0.5,0.8,0.7,0.6,0.8,0.9,0.7,0,195.0,0.8864000000000001,130.0,0.5909,1.0,0.739,0.8666666666666667,0.7428571428571429,0.89375,0.52
256,1.0,1.0,1.0,1.0,0.6,0.8,1.0,0.9,0.9,0,1.0,0.9,0.9,0.9,0.8,0.8,0.6,0.8,0.8,0.9,0.9,0.6,0.7,0,211.0,0.9591,168.0,0.7636000000000001,1.0,0.861,0.85,0.8142857142857143,1.0,0.74
257,0.9,1.0,1.0,0.9,0.8,0.9,0.9,1.0,0.9,0,0.9,1.0,0.8,1.0,0.8,0.9,0.5,0.9,1.0,0.8,0.9,0.6,0.8,0,205.0,0.9318,170.0,0.7727,1.0,0.852,0.9166666666666666,0.8857142857142857,0.9375,0.72
258,0.9,1.0,1.0,1.0,0.7,0.8,0.9,0.8,0.9,0,1.0,1.0,0.8,1.0,0.5,0.6,0.7,0.8,0.8,0.7,0.9,0.9,0.9,0,208.0,0.9455,165.0,0.75,1.0,0.8480000000000001,0.85,0.8571428571428571,0.98125,0.7
259,0.8,1.0,1.0,0.9,0.8,0.8,0.8,0.7,0.6,0,1.0,0.7,0.6,0.9,0.5,0.8,0.5,0.7,0.9,0.8,0.8,0.4,0.8,0,195.0,0.8864000000000001,141.0,0.6409,1.0,0.764,0.7333333333333333,0.8142857142857143,0.94375,0.56
260,0.8,1.0,1.0,1.0,0.6,0.9,1.0,0.8,1.0,0,1.0,0.9,0.7,0.9,0.5,0.6,0.4,0.8,0.8,0.7,0.7,0.6,0.8,0,206.0,0.9364000000000001,139.0,0.6317999999999999,1.0,0.784,0.8666666666666667,0.7857142857142857,0.9625,0.56
261,1.0,1.0,1.0,1.0,0.8,0.9,1.0,1.0,0.9,0,1.0,1.0,0.9,1.0,0.9,1.0,0.6,0.8,0.9,0.9,0.9,0.8,0.8,0,216.0,0.9818,187.0,0.85,1.0,0.916,0.9333333333333333,0.8714285714285714,1.0,0.84
262,1.0,1.0,0.9,1.0,0.6,0.9,1.0,0.9,1.0,0,1.0,1.0,0.8,1.0,0.7,0.7,0.6,0.9,0.9,1.0,1.0,0.9,0.9,0,211.0,0.9591,177.0,0.8045,1.0,0.882,0.9,0.9428571428571428,0.98125,0.74
263,0.9,1.0,1.0,1.0,0.9,0.9,1.0,0.9,0.9,0,1.0,0.9,0.0,0.7,0.0,0.0,0.0,0.6,0.5,0.7,0.8,0.7,0.7,0,212.0,0.9635999999999999,68.0,0.30910000000000004,0.7272727272727273,0.0,0.9166666666666666,0.6714285714285714,0.98125,0.14
264,1.0,1.0,1.0,0.9,0.4,0.9,1.0,0.9,0.9,0,1.0,1.0,0.9,1.0,0.9,0.6,0.5,0.9,0.8,0.8,1.0,0.9,0.8,0,208.0,0.9455,175.0,0.7955,1.0,0.8699999999999999,0.85,0.8714285714285714,0.98125,0.76
265,1.0,1.0,1.0,1.0,0.4,0.9,1.0,0.9,0.9,0,1.0,1.0,0.8,1.0,0.7,0.6,0.8,0.9,0.8,0.9,0.9,0.9,0.9,0,211.0,0.9591,177.0,0.8045,1.0,0.882,0.85,0.9,1.0,0.76
266,0.9,1.0,1.0,0.9,0.8,0.8,1.0,0.8,1.0,0,1.0,1.0,0.8,0.9,0.6,0.4,0.7,0.8,0.9,0.7,0.9,0.8,0.9,0,208.0,0.9455,159.0,0.7227,1.0,0.834,0.9,0.8571428571428571,0.9625,0.66
267,1.0,1.0,1.0,0.9,0.9,0.9,1.0,0.9,0.9,0,1.0,1.0,0.8,0.9,0.4,0.8,0.5,0.8,0.9,0.8,0.9,0.9,0.8,0,213.0,0.9682000000000001,161.0,0.7318,1.0,0.85,0.9333333333333333,0.8428571428571429,0.98125,0.68
268,0.9,1.0,1.0,0.9,0.8,0.9,0.9,0.9,0.8,0,1.0,0.9,0.7,1.0,0.6,0.7,0.4,0.9,1.0,0.7,0.9,1.0,0.8,0,206.0,0.9364000000000001,163.0,0.7409,1.0,0.8390000000000001,0.8666666666666667,0.8714285714285714,0.9625,0.68
269,0.9,1.0,1.0,0.9,0.6,0.8,0.7,0.6,0.9,0,0.8,0.7,0.8,0.9,0.6,0.6,0.5,0.7,0.8,0.9,0.7,0.8,0.7,0,189.0,0.8591,153.0,0.6955,1.0,0.7769999999999999,0.7166666666666667,0.7714285714285715,0.9125,0.66
270,0.8,1.0,1.0,1.0,0.8,0.8,1.0,0.9,0.8,0,0.9,0.7,0.9,0.9,0.7,0.7,0.4,0.8,0.7,0.9,0.7,0.7,0.9,0,200.0,0.9090999999999999,160.0,0.7273,1.0,0.818,0.8333333333333334,0.8285714285714286,0.9375,0.68
271,1.0,1.0,1.0,1.0,0.7,0.8,1.0,0.9,0.8,0,1.0,0.9,0.7,1.0,0.7,0.8,0.6,0.9,0.9,0.8,0.9,0.9,0.8,0,211.0,0.9591,172.0,0.7817999999999999,1.0,0.8699999999999999,0.85,0.8714285714285714,1.0,0.74
272,1.0,1.0,1.0,1.0,0.6,0.9,1.0,0.7,0.9,0,1.0,0.9,0.4,0.9,0.4,0.7,0.5,0.8,0.9,0.7,0.7,0.8,0.8,0,210.0,0.9545,140.0,0.6364,1.0,0.795,0.8333333333333334,0.8,1.0,0.56
273,0.7,1.0,1.0,1.0,0.7,0.8,1.0,0.8,0.8,0,1.0,0.8,0.6,0.9,0.7,0.6,0.6,0.8,0.8,0.8,0.6,0.6,0.9,0,200.0,0.9090999999999999,150.0,0.6818,1.0,0.795,0.8166666666666667,0.8142857142857143,0.94375,0.62
274,0.9,1.0,1.0,0.9,0.7,0.8,0.9,0.8,0.9,0,0.9,1.0,0.4,0.9,0.0,0.4,0.4,0.8,0.9,0.8,0.8,0.8,0.8,0,201.0,0.9136,118.0,0.5364,0.9318181818181818,0.0,0.85,0.8285714285714286,0.9375,0.4
275,0.9,1.0,1.0,0.9,0.9,0.9,0.9,0.9,0.9,0,0.7,0.9,0.0,0.9,0.0,0.0,0.4,0.8,0.9,0.8,0.8,0.8,0.8,0,196.0,0.8909,94.0,0.42729999999999996,0.7954545454545454,0.0,0.9,0.8285714285714286,0.8875,0.24
276,0.9,1.0,1.0,1.0,0.6,0.8,1.0,1.0,0.9,0,1.0,1.0,0.7,0.9,0.5,0.9,0.8,0.8,0.8,0.9,0.9,0.8,0.7,0,210.0,0.9545,168.0,0.7636000000000001,1.0,0.859,0.8833333333333333,0.8142857142857143,0.98125,0.74
277,0.9,1.0,1.0,1.0,1.0,0.8,1.0,1.0,1.0,0,1.0,1.0,0.9,1.0,0.7,0.8,0.8,0.9,0.9,0.9,0.9,1.0,0.9,0,215.0,0.9773,190.0,0.8635999999999999,1.0,0.9199999999999999,0.9666666666666667,0.9142857142857143,0.98125,0.84
278,0.9,1.0,1.0,1.0,0.4,0.9,1.0,0.7,1.0,0,1.0,0.9,0.8,0.7,0.4,0.7,0.5,0.6,0.9,0.9,0.9,0.6,0.7,0,206.0,0.9364000000000001,144.0,0.6545,1.0,0.795,0.8166666666666667,0.7714285714285715,0.98125,0.6
279,0.9,1.0,1.0,0.9,0.4,0.8,1.0,0.8,0.8,0,1.0,0.5,0.8,0.9,0.6,0.7,0.4,0.7,0.9,0.9,1.0,0.8,0.8,0,197.0,0.8955,159.0,0.7227,1.0,0.8089999999999999,0.7166666666666667,0.8571428571428571,0.9625,0.66
280,0.9,1.0,1.0,1.0,0.8,0.8,1.0,1.0,1.0,0,1.0,0.9,0.9,1.0,0.7,0.8,0.6,0.9,0.9,0.9,1.0,0.9,0.9,0,212.0,0.9635999999999999,182.0,0.8272999999999999,1.0,0.8949999999999999,0.9166666666666666,0.9285714285714286,0.98125,0.78
281,0.7,1.0,1.0,1.0,0.9,1.0,1.0,0.9,1.0,0,1.0,1.0,0.8,0.9,0.7,0.6,0.6,0.8,0.9,0.9,0.8,0.8,0.9,0,209.0,0.95,166.0,0.7545,1.0,0.852,0.9666666666666667,0.8714285714285714,0.94375,0.7
282,1.0,1.0,1.0,1.0,0.9,0.8,0.9,0.9,0.9,0,1.0,1.0,0.9,1.0,0.8,0.9,0.6,0.9,0.9,1.0,1.0,0.9,0.7,0,214.0,0.9727,185.0,0.8409000000000001,1.0,0.907,0.9,0.8857142857142857,1.0,0.82
283,1.0,1.0,1.0,1.0,0.8,0.9,1.0,0.9,0.9,0,1.0,1.0,0.9,1.0,0.8,0.9,0.8,0.9,0.8,0.8,0.8,0.9,0.8,0,215.0,0.9773,188.0,0.8545,1.0,0.916,0.9166666666666666,0.8428571428571429,1.0,0.86
284,0.7,1.0,1.0,0.9,0.9,0.9,0.9,0.6,0.9,0,0.8,1.0,0.5,0.9,0.6,0.6,0.4,0.7,0.7,0.7,0.8,0.9,0.7,0,192.0,0.8727,142.0,0.6455,1.0,0.759,0.8666666666666667,0.7428571428571429,0.875,0.6
285,1.0,1.0,0.9,0.9,0.9,1.0,1.0,1.0,0.9,0,1.0,1.0,0.8,0.9,0.6,0.6,0.5,0.8,0.9,0.7,0.7,0.9,0.9,0,212.0,0.9635999999999999,160.0,0.7273,1.0,0.845,0.9666666666666667,0.8285714285714286,0.9625,0.68
286,0.7,0.9,0.8,0.7,0.4,0.7,0.9,0.5,0.7,0,0.6,0.7,0.0,0.8,0.0,0.0,0.0,0.5,0.5,0.5,0.4,0.4,0.7,0,156.0,0.7091000000000001,53.0,0.24089999999999998,0.7272727272727273,0.0,0.65,0.5857142857142857,0.73125,0.08
287,0.9,1.0,1.0,1.0,0.9,0.8,1.0,0.4,0.9,0,0.8,1.0,0.4,0.7,0.4,0.5,0.6,0.6,0.8,0.7,0.7,0.6,0.7,0,199.0,0.9045,124.0,0.5636,1.0,0.734,0.8333333333333334,0.7,0.93125,0.5
288,0.8,1.0,1.0,0.9,0.6,0.9,0.9,0.8,0.9,0,1.0,0.9,0.6,0.8,0.6,0.6,0.0,0.7,0.8,0.7,0.6,0.6,0.7,0,201.0,0.9136,122.0,0.5545,0.9318181818181818,0.0,0.8333333333333334,0.7142857142857143,0.94375,0.48
289,0.7,0.9,0.8,0.7,0.7,0.8,0.6,0.7,0.5,0,0.7,0.4,0.4,0.7,0.0,0.6,0.0,0.6,0.8,0.7,0.8,0.4,0.7,0,158.0,0.7182000000000001,92.0,0.4182,0.8636363636363636,0.0,0.6166666666666667,0.7142857142857143,0.75625,0.28
290,0.8,1.0,1.0,1.0,0.8,0.9,1.0,0.7,0.9,0,1.0,1.0,0.7,0.9,0.7,0.0,0.8,0.8,0.8,0.9,0.7,0.7,0.7,0,207.0,0.9409000000000001,142.0,0.6455,0.9318181818181818,0.0,0.8833333333333333,0.7857142857142857,0.9625,0.58
291,0.9,1.0,1.0,1.0,0.8,0.9,1.0,0.7,0.9,0,1.0,1.0,0.8,0.9,0.7,0.7,0.7,0.9,0.9,0.9,1.0,0.9,0.9,0,210.0,0.9545,178.0,0.8090999999999999,1.0,0.882,0.8833333333333333,0.9142857142857143,0.98125,0.76
292,0.9,1.0,0.9,0.8,0.9,0.9,0.9,0.9,0.9,0,0.7,0.9,0.7,0.9,0.0,0.6,0.0,0.8,0.8,0.8,0.7,0.6,0.8,0,190.0,0.8635999999999999,113.0,0.5136000000000001,0.8636363636363636,0.0,0.9,0.8,0.85,0.38
293,0.8,1.0,1.0,1.0,0.8,0.9,0.9,0.9,0.9,0,1.0,0.9,0.9,0.9,0.7,0.8,0.6,0.9,0.9,0.8,0.8,0.8,0.8,0,207.0,0.9409000000000001,173.0,0.7864,1.0,0.8640000000000001,0.8833333333333333,0.8428571428571429,0.9625,0.76
294,0.8,1.0,1.0,1.0,0.9,0.9,1.0,0.8,0.9,0,1.0,0.9,0.4,0.9,0.6,0.6,0.7,0.9,0.8,0.9,0.8,0.7,0.8,0,208.0,0.9455,149.0,0.6773,1.0,0.8109999999999999,0.9,0.8428571428571429,0.9625,0.6
295,0.8,1.0,1.0,1.0,0.9,0.8,1.0,1.0,0.9,0,1.0,0.9,0.7,0.9,0.4,0.7,0.6,0.8,0.9,0.6,0.9,0.8,0.8,0,209.0,0.95,153.0,0.6955,1.0,0.8230000000000001,0.9166666666666666,0.8142857142857143,0.9625,0.64
296,0.9,1.0,1.0,1.0,0.7,0.8,0.9,0.9,0.8,0,1.0,0.9,0.8,1.0,0.7,0.7,0.6,0.9,1.0,0.9,0.8,0.8,0.8,0,207.0,0.9409000000000001,170.0,0.7727,1.0,0.857,0.8333333333333334,0.8857142857142857,0.98125,0.72
297,1.0,1.0,1.0,1.0,0.4,0.9,0.9,0.9,0.9,0,1.0,1.0,0.7,1.0,0.7,0.7,0.6,0.8,0.9,0.8,0.7,0.9,0.8,0,210.0,0.9545,166.0,0.7545,1.0,0.8550000000000001,0.8333333333333334,0.8285714285714286,1.0,0.72
298,0.9,1.0,1.0,0.9,0.7,0.8,0.9,0.7,1.0,0,1.0,0.9,0.8,0.9,0.6,0.8,0.6,0.8,0.8,0.9,0.8,0.8,0.7,0,204.0,0.9273,164.0,0.7455,1.0,0.836,0.8333333333333334,0.8,0.9625,0.72
299,1.0,1.0,1.0,1.0,0.7,0.9,0.9,1.0,0.9,0,1.0,0.9,0.8,1.0,0.6,1.0,0.6,0.9,0.8,0.9,0.9,1.0,0.9,0,213.0,0.9682000000000001,183.0,0.8318,1.0,0.9,0.8833333333333333,0.9,1.0,0.8
300,0.8,1.0,1.0,1.0,0.8,0.8,1.0,0.5,0.9,0,1.0,1.0,0.7,0.7,0.6,0.0,0.6,0.6,0.8,0.6,0.7,0.8,0.7,0,204.0,0.9273,129.0,0.5864,0.9318181818181818,0.0,0.8333333333333334,0.6857142857142857,0.9625,0.54
301,0.7,1.0,1.0,1.0,0.9,0.8,1.0,0.4,0.7,0,1.0,0.7,0.7,0.9,0.7,0.6,0.6,0.8,0.7,0.8,0.7,0.7,0.8,0,196.0,0.8909,154.0,0.7,1.0,0.795,0.75,0.7857142857142857,0.94375,0.66
302,0.8,0.9,1.0,1.0,0.7,0.7,1.0,0.5,0.8,0,1.0,0.9,0.0,0.9,0.0,0.0,0.0,0.7,0.4,0.4,0.6,0.5,0.7,0,197.0,0.8955,59.0,0.2682,0.7272727272727273,0.0,0.7666666666666667,0.6285714285714286,0.94375,0.1
303,1.0,1.0,1.0,0.9,0.8,1.0,0.9,1.0,0.9,0,1.0,0.9,0.8,1.0,0.7,0.6,0.5,0.8,1.0,0.9,0.9,0.8,0.8,0,212.0,0.9635999999999999,164.0,0.7455,1.0,0.8550000000000001,0.9166666666666666,0.8857142857142857,0.98125,0.68
304,0.9,1.0,1.0,1.0,0.5,1.0,0.9,0.7,0.9,0,1.0,0.9,0.4,0.9,0.4,0.4,0.6,0.8,0.8,0.6,0.8,0.9,0.7,0,206.0,0.9364000000000001,134.0,0.6091,1.0,0.773,0.8166666666666667,0.7571428571428571,0.98125,0.54
305,0.8,1.0,1.0,1.0,0.9,0.8,0.9,0.7,0.9,0,0.7,0.9,0.7,0.9,0.5,0.6,0.5,0.8,0.8,0.8,0.8,0.8,0.8,0,193.0,0.8773,150.0,0.6818,1.0,0.78,0.85,0.8142857142857143,0.8875,0.62
306,0.8,1.0,1.0,1.0,0.7,0.9,1.0,0.8,0.9,0,1.0,0.9,0.8,1.0,0.9,0.8,0.6,0.9,0.9,0.9,0.7,0.9,0.8,0,206.0,0.9364000000000001,180.0,0.8182,1.0,0.877,0.8666666666666667,0.8571428571428571,0.9625,0.8
307,0.9,1.0,1.0,1.0,0.4,0.9,1.0,0.9,0.9,0,1.0,0.9,0.8,0.9,0.8,0.7,0.6,0.8,0.6,0.9,0.9,0.8,0.9,0,207.0,0.9409000000000001,170.0,0.7727,1.0,0.857,0.8333333333333334,0.8428571428571429,0.98125,0.74
308,0.7,1.0,1.0,0.9,0.4,0.9,0.9,0.4,0.9,0,1.0,0.9,0.4,0.8,0.4,0.4,0.4,0.7,0.8,0.8,0.7,0.7,0.7,0,192.0,0.8727,121.0,0.55,1.0,0.7110000000000001,0.7333333333333333,0.7428571428571429,0.925,0.46
